Miền,destination_id,destination_name,province ,location,latitude,longitude,description,image_url,rating,keywords ,estimated_cost,ideal_duration,best_season
Miền Bắc,DEST_MB_01,Vịnh Hạ Long,Quảng Ninh,Quảng Ninh,20.8437074,106.9848132,"Là một trong những di sản thiên nhiên thế giới được UNESCO công nhận. Với diện tích 1.553 km2, gần 2.000 hòn đảo lớn nhỏ, vịnh Hạ Long được thiên nhiên ưu ái có hệ thống hang động và đảo đá vừa đa dạng lại tuyệt đẹp.",https://cdn-media.sforum.vn/storage/app/media/anh-vinh-ha-long-45.jpg,4.6/5,"""UNESCO"", ""đảo"", ""hang động"", ""vịnh"", ""chụp ảnh""",Vé tuyến tham quan vịnh dao động từ 250.000đ - 290.000đ/lượt (chưa bao gồm tiền thuê tàu/du thuyền và các dịch vụ phát sinh).,2 - 3 ngày,Tháng 4 đến tháng 10 hàng năm
Miền Bắc,DEST_MB_02, Khu phố cổ Hà Nội,Hà Nội,"Quận Hoàn Kiếm, Hà Nội",21.034059,105.8462594,Khu vực phố phường lâu đời mang đậm dấu ấn kiến trúc Pháp và văn hóa truyền thống Kẻ Chợ với 36 phố phường.,"https://s3-ap-southeast-1.amazonaws.com/cntatr-assets-ap-southeast-1-250226768838-55a62c9399d4d8a6/2025/05/ha-noi-co-gi-choi-26.jpg?tr=q-70,c-at_max,w-1000,h-600",4.6/5,"""phố cổ"", ""ẩm thực"", ""văn hóa"", ""mua sắm"", ""đi bộ""",Miễn phí,1 ngày ,Mùa thu (tháng 9 đến tháng 11) hoặc các tối cuối tuần khi có chợ đêm phố đi bộ.
Miền Bắc,DEST_MB_03,Nhà tù Hỏa Lò,Hà Nội,"Số 1 phố Hỏa Lò, phường Trần Hưng Đạo, quận Hoàn Kiếm, Hà Nội",21.0253347,105.8439032,"Di tích lịch sử đặc biệt, nơi lưu giữ những tư liệu và minh chứng lịch sử hào hùng nhưng đầy đau thương trong thời kỳ chiến tranh.","https://s3-ap-southeast-1.amazonaws.com/cntatr-assets-ap-southeast-1-250226768838-55a62c9399d4d8a6/2025/05/ha-noi-co-gi-choi-1024x753.jpg?tr=q-70,c-at_max,w-1000,h-600",4.5/5,"""di tích"", ""lịch sử"",""tham quan"", ""giáo dục""",Khoảng 30.000đ/người,1.5 - 2 tiếng,Quanh năm
Miền Bắc,DEST_MB_04,Văn Miếu - Quốc Tử Giám,Hà Nội,"Số 58 Quốc Tử Giám, quận Đống Đa, Hà Nội",21.0281225,105.8330943,"Trường đại học đầu tiên của Việt Nam, biểu tượng của truyền thống hiếu học và kiến trúc Nho giáo độc đáo.","https://s3-ap-southeast-1.amazonaws.com/cntatr-assets-ap-southeast-1-250226768838-55a62c9399d4d8a6/2025/05/ha-noi-co-gi-choi-24.jpg?tr=q-70,c-at_max,w-1000,h-600",4.6/5,"""di tích"", ""văn hóa"", ""lịch sử"", ""kiến trúc""",Khoảng 30.000đ/người,1 - 2 tiếng,Mùa thi cử hoặc mùa xuân (tháng Giêng âm lịch) khi diễn ra hội chữ xuân.
Miền Bắc,DEST_MB_05,Hồ Hoàn Kiếm,Hà Nội,"Quận Hoàn Kiếm, Hà Nội",21.0287748,105.8523647,"Trái tim của thủ đô, gắn liền với truyền thuyết trả gươm thần và các công trình như Tháp Rùa, đền Ngọc Sơn.","https://s3-ap-southeast-1.amazonaws.com/cntatr-assets-ap-southeast-1-250226768838-55a62c9399d4d8a6/2025/05/ha-noi-co-gi-choi-18.jpg?tr=q-70,c-at_max,w-1000,h-600",4.7/5,"""hồ"", ""trung tâm"", ""đi dạo"", ""chụp ảnh""",Miễn phí đi dạo quanh hồ; vé vào Đền Ngọc Sơn khoảng 50.000đ/người.,Nửa ngày hoặc buổi chiều tối.,Sớm tinh mơ hoặc chiều tối mát mẻ quanh năm.
Miền Bắc,DEST_MB_06,Lăng Chủ Tịch Hồ Chí Minh,Hà Nội,"Số 1 Hùng Vương, Điện Biên, Ba Đình, Hà Nội",21.0369023,105.8320918,"Nơi an nghỉ cuối cùng của Chủ tịch Hồ Chí Minh, là trung tâm hội tụ tình cảm của nhân dân cả nước.","https://s3-ap-southeast-1.amazonaws.com/cntatr-assets-ap-southeast-1-250226768838-55a62c9399d4d8a6/2025/05/ha-noi-co-gi-choi-22.jpg?tr=q-70,c-at_max,w-1000,h-600",4.5/5,"""lăng"", ""lịch sử"", ""trang nghiêm"", ""tham quan""",Miễn phí vé vào lăng đối với công dân Việt Nam.,Buổi sáng (lưu ý lịch mở cửa các ngày trong tuần trừ thứ Hai và thứ Sáu).,"Quanh năm, đặc biệt vào các dịp lễ lớn của đất nước (2/9, 19/5)."
Miền Bắc,DEST_MB_07,Chùa Một Cột,Hà Nội,"Phố Chùa Một Cột, phường Đội Cấn, quận Ba Đình",21.0356925,105.8308626,"Ngôi chùa có kiến trúc độc đáo hình bông sen nở giữa hồ nước, biểu tượng văn hóa lâu đời của Hà Nội.","https://s3-ap-southeast-1.amazonaws.com/cntatr-assets-ap-southeast-1-250226768838-55a62c9399d4d8a6/2025/05/ha-noi-co-gi-choi-23.jpg?tr=q-70,c-at_max,w-1000,h-600",4.3/5,"""chùa"", ""kiến trúc"", ""tâm linh"", ""văn hóa""",Miễn phí vé vào cửa.,30 - 45 phút,Quanh năm.
Miền Bắc,DEST_MB_08,Quần Thể Chùa Hương,Hà Nội," Xã Hương Sơn, huyện Mỹ Đức, Hà Nội",19.5745623,104.4442789,"Trung tâm Phật giáo lớn kết hợp cảnh quan sơn thủy hữu tình, nổi tiếng với lễ hội chùa Hương và động Hương Tích.","https://s3-ap-southeast-1.amazonaws.com/cntatr-assets-ap-southeast-1-250226768838-55a62c9399d4d8a6/2025/03/du-lich-quanh-ha-noi-100km-2-1024x680.jpeg?tr=q-70,c-at_max,w-1000,h-600",4.3/5,"""chùa"", ""tâm linh"", ""ngoài trời"", ""thuyền""",Vé thắng cảnh kết hợp vé đò khoảng 130.000đ - 200.000đ/người (chưa gồm cáp treo nếu đi tuyến cáp),1 ngày ,Mùa lễ hội từ tháng Giêng đến tháng 3 Âm lịch hàng năm
Miền Bắc,DEST_MB_09,"Tràng An, Ninh Bình",Ninh Bình,"Thuộc địa bàn các huyện Hoa Lư, Gia Viễn, Nho Quan, thị xã Tam Điệp và TP.Ninh Bình",20.2561449,105.9177512,"Khu du lịch sinh thái thuộc Quần thể di sản thế giới Tràng An, nổi bật với hệ thống hang động xuyên thủy và núi đá vôi.","https://s3-ap-southeast-1.amazonaws.com/cntatr-assets-ap-southeast-1-250226768838-55a62c9399d4d8a6/2025/03/du-lich-quanh-ha-noi-100km-3-1024x563.jpeg?tr=q-70,c-at_max,w-1000,h-600",4.6/5,"""di sản"", ""sinh thái"", ""hang động"", ""chèo thuyền""","Người lớn trên 1,3m: 250.000 VND; Trẻ em từ 1m – 1,3m: 120.000 VND; Dưới 1m: miễn phí",1 ngày,Mùa xuân (tháng 1 - tháng 3 âm lịch) hoặc mùa lúa chín tháng 5 - tháng 6.
Miền Bắc,DEST_MB_10, Núi Đồi Bù,Hà Nội,"Thôn Núi Bé, xã Nam Phương Tiến, huyện Chương Mỹ, Hà Nội",20.8411046,105.4615009,Địa điểm nổi tiếng tại ngoại thành Hà Nội với trải nghiệm nhảy dù lượn và khung cảnh thiên nhiên hoang sơ.,"https://s3-ap-southeast-1.amazonaws.com/cntatr-assets-ap-southeast-1-250226768838-55a62c9399d4d8a6/2025/03/du-lich-quanh-ha-noi-100km-4-1024x581.jpeg?tr=q-70,c-at_max,w-1000,h-600",4.7/5,"""núi"", ""thám hiểm"", ""nhảy dù"", ""ngoài trời""",Miễn phí,Nửa ngày hoặc 1 ngày cuối tuần,"Mùa hanh khô, gió thuận lợi (từ tháng 9 đến tháng 11 hoặc mùa hè)"
Miền Bắc,DEST_MB_11,Chùa Tam Chúc,Hà Nam,"Thị trấn Ba Sao, huyện Kim Bảng, tỉnh Hà Nam",20.5638521,105.8096373,Ngôi chùa lớn bậc nhất thế giới với cảnh quan hồ nước mênh mông và kiến trúc đá chạm khắc tinh xảo.,"https://s3-ap-southeast-1.amazonaws.com/cntatr-assets-ap-southeast-1-250226768838-55a62c9399d4d8a6/2025/03/du-lich-quanh-ha-noi-100km-6-1024x683.jpeg?tr=q-70,c-at_max,w-1000,h-600",4.3/5,"""chùa"", ""tâm linh"", ""kiến trúc lớn"", ""check-in""",Miễn phí vé vào cửa; vé xe điện/du thuyền tham quan hồ từ 90.000đ - 200.000đ tùy tuyến.,1 ngày,Mùa lễ hội đầu năm hoặc mùa thu thời tiết mát mẻ.
Miền Bắc,DEST_MB_12,Làng Gốm Bát Tràng,Hà Nội," xã Bát Tràng, huyện Gia Lâm, Hà Nội",20.9746315,105.9043774,"Làng nghề truyền thống lâu đời, nơi du khách có thể tham quan, tìm hiểu cách làm gốm và tự tay nặn sản phẩm.","https://s3-ap-southeast-1.amazonaws.com/cntatr-assets-ap-southeast-1-250226768838-55a62c9399d4d8a6/2025/03/du-lich-quanh-ha-noi-100km-7-1024x682.jpeg?tr=q-70,c-at_max,w-1000,h-600",4.5/5,"""làng nghề"", ""trải nghiệm"", ""gốm sứ"", ""mua sắm""",Miễn phí vào cửa làng cổ,Nửa ngày,Cuối tuần hoặc các dịp nghỉ ngắn ngày
Miền Bắc,DEST_MB_13,Vườn Quốc Gia Ba Vì,Hà Nội,"Xã Tản Lĩnh, huyện Ba Vì, Hà Nội",21.0812203,105.3442445,"Khu bảo tồn thiên nhiên với khí hậu mát mẻ, hệ sinh thái phong phú và các di tích cổ thời Pháp thuộc ẩn mình trong mây.","https://s3-ap-southeast-1.amazonaws.com/cntatr-assets-ap-southeast-1-250226768838-55a62c9399d4d8a6/2025/03/du-lich-quanh-ha-noi-100km-11-1024x567.jpeg?tr=q-70,c-at_max,w-1000,h-600",4.6/5,"""rừng"", ""thiên nhiên"", ""cắm trại"", ""núi""", 60.000 VND/người,1 ngày hoặc 2 ngày 1 đêm (cắm trại).,Mùa hoa dã quỳ nở (tháng 10 - tháng 11) hoặc mùa hè tránh nóng.
Miền Bắc,DEST_MB_14,Thiên Sơn – Suối Ngà,Hà Nội,"Xã Vân Hoà, huyện Ba Vì, Hà Nội",21.0721713,105.3840133,"Khu du lịch sinh thái kết hợp giữa núi rừng, thác nước và hồ bơi nhân tạo, lý tưởng cho các buổi dã ngoại cuối tuần.","https://s3-ap-southeast-1.amazonaws.com/cntatr-assets-ap-southeast-1-250226768838-55a62c9399d4d8a6/2025/03/du-lich-quanh-ha-noi-100km-13-1024x682.jpeg?tr=q-70,c-at_max,w-1000,h-600",3.8/5,"""suối"", ""thác"", ""nghỉ dưỡng"", ""dã ngoại""","150.000 VND/người lớn, 80.000 VND/trẻ em",1 ngày,Mùa hè (tháng 5 đến tháng 8) thích hợp tắm suối và vui chơi giải trí
Miền Bắc,DEST_MB_15,Thành Cổ Loa,Hà Nội,"Xã Cổ Loa, huyện Đông Anh, Hà Nội",21.1121875,105.8714375,"Kinh đô của nước Âu Lạc xưa, gắn liền với truyền thuyết An Dương Vương và nỏ thần Kim Quy.","https://s3-ap-southeast-1.amazonaws.com/cntatr-assets-ap-southeast-1-250226768838-55a62c9399d4d8a6/2025/03/du-lich-quanh-ha-noi-100km-10-1024x682.jpeg?tr=q-70,c-at_max,w-1000,h-600",5/5,"""di tích"", ""lịch sử"", ""thành cổ"", ""văn hóa""",Khoảng 10.000đ - 20.000đ/người,Nửa ngày,"Quanh năm, lý tưởng vào mùa xuân hoặc mùa thu"
Miền Bắc,DEST_MB_16,Sapa – Lào Cai,Lào Cai,Tỉnh Lào Cai,22.3438294,103.7497726,"Thị trấn vùng cao nổi tiếng với đỉnh Fansipan, ruộng bậc thang tuyệt đẹp và văn hóa các dân tộc thiểu số đặc sắc.","https://s3-ap-southeast-1.amazonaws.com/cntatr-assets-ap-southeast-1-250226768838-55a62c9399d4d8a6/2025/04/ban-do-du-lich-mien-bac-24-1024x683.jpg?tr=q-70,c-at_max,w-1000,h-600",4.8/5,"""núi"", ""săn mây"", ""phượt"", ""văn hóa bản địa""",Tự do khám phá thị trấn; vé cáp treo Fansipan khoảng 800.000đ - 850.000đ/lượt người lớn.,2 - 3 ngày,"Mùa lúa chín (tháng 9) hoặc mùa săn mây, ngắm tuyết (từ tháng 10 đến tháng 3 năm sau)"
Miền Bắc,DEST_MB_17,Mộc Châu – Sơn La,Sơn La,Tỉnh Sơn La,20.8893871,104.4879815,"Cao nguyên xanh mướt nổi tiếng với các đồi chè hình trái tim, mùa hoa mận, hoa ban và không gian se lạnh quanh năm.","https://s3-ap-southeast-1.amazonaws.com/cntatr-assets-ap-southeast-1-250226768838-55a62c9399d4d8a6/2025/04/ban-do-du-lich-mien-bac-18-1024x769.jpg?tr=q-70,c-at_max,w-1000,h-600",4.7/5,"""cao nguyên"", ""đồi chè"", ""hoa mận"", ""check-in""",Vé vào các điểm tham quan/đồi chè/vườn hoa dao động từ 20.000đ - 50.000đ/lượt.,2 ngày 1 đêm,"Mùa hoa mận/hoa đào (tháng 1 - tháng 2) hoặc mùa hoa cải, dã quỳ (tháng 11 - tháng 12)"
Miền Bắc,DEST_MB_18,Đảo Cát Bà,Hải Phòng,Hải Phòng,20.7955832,106.9255888,Quần đảo lớn nhất vịnh Bắc Bộ với sự kết hợp hoàn hảo giữa rừng nguyên sinh quốc gia và các bãi tắm hoang sơ.,"https://s3-ap-southeast-1.amazonaws.com/cntatr-assets-ap-southeast-1-250226768838-55a62c9399d4d8a6/2024/03/go-and-share-du-lich-dao-cat-ba-hai-phong-5-1024x683.webp?tr=q-70,c-at_max,w-1000,h-600",4.6/5,"""đảo"", ""biển"", ""rừng quốc gia"", ""nghỉ dưỡng""",Vé vào Vườn quốc gia Cát Bà khoảng 80.000đ/người; chi phí đi tàu/phà ra đảo tùy thuộc phương tiện di chuyển.,2 ngày 1 đêm,Mùa hè (tháng 5 đến tháng 8) thuận lợi cho việc tắm biển và khám phá vịnh Lan Hạ
Miền Bắc,DEST_MB_19,Grand World,Hưng Yên,"Khu đô thị Vinhomes Ocean Park 2 & 3, Văn Giang, Hưng Yên",20.9530625,105.3986553,"Siêu quần thể ẩm thực, vui chơi giải trí và mua sắm mang phong cách châu Âu hiện đại gần thủ đô.","https://s3-ap-southeast-1.amazonaws.com/cntatr-assets-ap-southeast-1-250226768838-55a62c9399d4d8a6/2025/04/ban-do-du-lich-mien-bac-33-1024x768.jpg?tr=q-70,c-at_max,w-1000,h-600",4.4/5,"""giải trí"", ""mua sắm"", ""kiến trúc châu Âu"", ""check-in""",Miễn phí vào cửa khu đô thị và các tiểu cảnh; tính phí riêng cho một số trò chơi giải trí hoặc đi thuyền Gondola.,Chiều và tối (1 buổi hoặc nửa ngày),"Quanh năm, đặc biệt sôi động vào các dịp cuối tuần, ngày lễ có sự kiện."
Miền Bắc,DEST_MB_20,Khu du lịch Sông Hồng,Hà Nội,Hà Nội,21.0062881,105.8765772,"Trải nghiệm du thuyền ngắm cảnh sông Hồng, cầu Long Biên lịch sử và đời sống ven sông đặc trưng của người Hà Nội.","https://s3-ap-southeast-1.amazonaws.com/cntatr-assets-ap-southeast-1-250226768838-55a62c9399d4d8a6/2025/05/ha-noi-co-gi-choi-16-1024x766.jpg?tr=q-70,c-at_max,w-1000,h-600",3.3/5,"""sông nước"", ""du thuyền"", ""hoàng hôn"", ""trải nghiệm""",Chi phí thuê tour du thuyền dao động từ 150.000đ - 350.000đ/người tùy theo dịch vụ ăn uống kèm theo.,Nửa ngày (thường diễn ra vào buổi chiều hoàng hôn).,"Mùa thu hoặc mùa xuân (thời tiết khô ráo, lãng mạn)."
Miền Bắc,DEST_MB_21,Cột cờ Lũng Cú,Hà Giang,"Đỉnh núi Rồng, xã Lũng Cú, huyện Đồng Văn, tỉnh Hà Giang",23.363411,105.3137252,"Mảnh đất địa đầu Tổ quốc nổi tiếng với cao nguyên đá hùng vĩ, những con đèo hiểm trở, mùa hoa tam giác mạch và bản sắc văn hóa vùng cao độc đáo.
",https://sacotravel.com/wp-content/uploads/2023/07/Cot-co-Lung-Cu3.jpg,4.6/5,"""cao nguyên đá"", ""đèo Mã Pí Lèng"", ""hoa tam giác mạch"", ""phượt"", ""hùng vĩ""",Miễn phí tham quan các điểm tự nhiên,3 - 4 ngày,Tháng 10 đến tháng 12 hàng năm
Miền Bắc,DEST_MB_22,Thác Bản Giốc,Cao Bằng,"Xã Đàm Thủy, huyện Trùng Khánh, tỉnh Cao Bằng",22.8543607,106.7220125,"Thắng cảnh tự nhiên nổi tiếng với dòng nước trắng xóa, là một trong những thác nước xuyên quốc gia lớn nhất thế giới. Thác chính chia tách thành nhiều tầng đan xen cảnh quan thiên nhiên hùng vĩ và ấn tượng.","https://d2sx1calt21doo.cloudfront.net/xxt/experience/image/1-Tour-Ho-Ba-Be-Thac-Ban-Gioc-jpg-1080x720-FIT-192fc4497b77a9ea1f7e7d9a8f5f7ba0.jpeg?tr=q-70,c-at_max,w-1000,h-600",4.6/5,"""thác nước"", ""xuyên quốc gia"", ""nhiều tầng"", ""hùng vĩ"", ""biên cương""",Khoảng 45.000đ/người (vé tham quan),2 - 3 tiếng,Tháng 8 đến tháng 11 (mùa nước đổ đẹp nhất)
Miền Trung,DEST_MT_23,Bà Nà Hills,Đà Nẵng,"Thôn An Sơn, xã Hòa Ninh, huyện Hòa Vang, TP. Đà Nẵng",15.9951364,107.9600903,Nằm ở độ cao 1.487m với khí hậu mát mẻ cảm nhận rõ 4 mùa trong 1 ngày. Nơi đây nổi tiếng với không gian thiên nhiên núi rừng tươi mới và Làng Pháp cổ kính như xứ sở cổ tích.,,4.4/5,"làng Pháp"", ""cáp treo"", ""Cầu Vàng"", ""khí hậu 4 mùa"", ""nghỉ dưỡng""",Khoảng 900.000đ/người (vé cáp treo trọn gói),1 ngày,Tháng 3 đến tháng 9 hàng năm
Miền Trung,DEST_MT_24,Cù Lao Chàm,Quảng Nam,"Xã đảo Tân Hiệp, TP. Hội An, tỉnh Quảng Nam",15.9417011,108.3986235,"Khung cảnh thiên nhiên giản dị, an yên cùng sự chân thành của người dân vùng quê. Nổi tiếng với trải nghiệm lặn biển ngắm các rặng san hô rực rỡ và sinh vật biển kỳ thú.","https://s3-ap-southeast-1.amazonaws.com/cntatr-assets-ap-southeast-1-250226768838-55a62c9399d4d8a6/2023/09/du-lich-cu-lao-cham-33.jpg?tr=q-70,c-at_max,w-1000,h-600",4.7/5,"""đảo"", ""lặn san hô"", ""sinh vật biển"", ""an yên"", ""vùng quê""",Khoảng 400.000đ - 600.000đ/người (bao gồm cano khứ hồi & lặn san hô),1 ngày,Tháng 3 đến tháng 8 hàng năm
Miền Trung,DEST_MT_25,Ngũ Hành Sơn,Đà Nẵng,"52 Huyền Trân Công Chúa, Hòa Hải, Ngũ Hành Sơn, Đà Nẵng",16.0037155,108.2605856,"Quần thể gồm 5 ngọn núi đá vôi Kim - Mộc - Thủy - Hỏa - Thổ mang cảnh quan thiên nhiên tuyệt đẹp và ý nghĩa tâm linh sâu sắc. Nơi đây nổi tiếng với các hang động tự nhiên, chùa cổ và lễ hội Quan Thế Âm lớn vào ngày 19/02 âm lịch.",,4.7/5,"""ngũ hành"", ""chùa động"", ""tâm linh"", ""núi đá vôi"", ""lễ hội Quan Âm""",Khoảng 40.000đ/người (vé thang máy/điểm tham quan tính riêng),2 - 3 tiếng,Tháng 2 đến tháng 8 (hoặc ngày 19/02 âm lịch dịp lễ hội)
Miền Trung,DEST_MT_26,Bán đảo Sơn Trà,Đà Nẵng,"Phường Thọ Quang, quận Sơn Trà, TP. Đà Nẵng",16.1268054,108.193293,"Được ví như ""lá phổi xanh"" của Đà Nẵng với hệ sinh thái rừng tự nhiên phong phú. Nơi đây thu hút du khách bởi cảnh quan thiên nhiên hoang sơ, thơ mộng cùng nhiều điểm check-in nổi tiếng như Chùa Linh Ứng và đỉnh Bàn Cờ.","https://s3-ap-southeast-1.amazonaws.com/cntatr-assets-ap-southeast-1-250226768838-55a62c9399d4d8a6/2025/01/dia-diem-du-lich-da-nang-4.jpg?tr=q-70,c-at_max,w-1000,h-600",4.8/5,"""lá phổi xanh"", ""hệ sinh thái"", ""chùa Linh Ứng"", ""hoang sơ"", ""ngắm biển""",Miễn phí tham quan,Nửa ngày,"Tháng 3 đến tháng 9 (tiết trời nắng đẹp, ít mưa)"
Miền Trung,DEST_MT_27,Đèo Hải Vân,Thừa Thiên Huế/Đà Nẵng,Ranh giới giữa tỉnh Thừa Thiên Huế và TP. Đà Nẵng,16.20004,108.1127333,"Cung đường đèo hiểm trở nổi tiếng với các đường khúc khuỷu thách thức tay lái. Từ đỉnh đèo có thể chiêm ngưỡng toàn cảnh thiên nhiên núi rừng bao la, hùng vĩ và góc nhìn bao quát thành phố Đà Nẵng từ trên cao.","https://s3-ap-southeast-1.amazonaws.com/cntatr-assets-ap-southeast-1-250226768838-55a62c9399d4d8a6/2017/01/dia-diem-du-lich-da-nang-deo-hai-van.jpg?tr=q-70,c-at_max,w-1000,h-600",4.8/5,"""đèo Hải Vân"", ""phượt"", ""săn mây"", ""ngắm cảnh"", ""hùng vĩ""",Miễn phí tham quan,1.5 - 2 tiếng,"Tháng 3 đến tháng 9 (ngày nắng ráo, tầm nhìn thoáng)"
Miền Trung,DEST_MT_28,Bãi biển Mỹ Khê,Đà Nẵng,"Đường Võ Nguyên Giáp, TP. Đà Nẵng",16.0619523,108.2420241,"Bãi biển quyến rũ được tạp chí Forbes bình chọn vào top đẹp nhất hành tinh. Nơi đây sở hữu bờ cát trắng mịn, làn nước trong xanh cùng dải sóng êm đềm thích hợp cho các hoạt động tắm biển và thể thao dưới nước.","https://s3-ap-southeast-1.amazonaws.com/cntatr-assets-ap-southeast-1-250226768838-55a62c9399d4d8a6/2025/01/dia-diem-du-lich-da-nang-19.jpg?tr=q-70,c-at_max,w-1000,h-600",4.8/5,"""bãi biển Mỹ Khê"", ""Forbes"", ""tắm biển"", ""cát trắng"", ""nghỉ dưỡng""",Miễn phí tham quan và tắm biển,Nửa ngày,"Tháng 4 đến tháng 8 (mùa hè nắng đẹp, biển êm)"
Miền Trung,DEST_MT_29,Bãi biển Tiên Sa,Đà Nẵng,"Phía Tây bán đảo Sơn Trà, TP. Đà Nẵng",16.1243495,108.218897,"Bãi biển nổi bật với nước trong vắt, cát trắng mịn và không gian tĩnh mịch nguyên sơ. Nằm gần các beach club sôi động và ngọn Hải đăng Tiên Sa cổ kính, tạo nên phông nền check-in vô cùng lãng mạn.","https://s3-ap-southeast-1.amazonaws.com/cntatr-assets-ap-southeast-1-250226768838-55a62c9399d4d8a6/2023/08/hai-dang-tien-sa-1-1024x683.jpg?tr=q-70,c-at_max,w-1000,h-600",4.6/5,"bãi biển Tiên Sa"", ""cát trắng"", ""hải đăng"", ""lãng mạn"", ""beach club""",Khoảng 20.000đ - 50.000đ/người (vé vào cổng khu du lịch),Nửa ngày,"Tháng 3 đến tháng 9 (ngày nắng đẹp, biển êm)"
Miền Trung,DEST_MT_30,Cầu Rồng,Đà Nẵng,"Đường Nguyễn Văn Linh, phường An Hải Trung, quận Hải Châu, TP. Đà Nẵng",16.0611042,108.2096682,Điểm nhấn kiến trúc và biểu tượng tự hào của Đà Nẵng với chiều dài 666m hình con rồng vươn ra biển lớn. Nơi đây nổi tiếng với màn phun nước và phun lửa ấn tượng vào các ngày cuối tuần.,"https://s3-ap-southeast-1.amazonaws.com/cntatr-assets-ap-southeast-1-250226768838-55a62c9399d4d8a6/2025/01/dia-diem-du-lich-da-nang-28.jpg?tr=q-70,c-at_max,w-1000,h-600",4.8/5,"""Cầu Rồng"", ""phun lửa"", ""biểu tượng"", ""sông Hàn"", ""kiến trúc""",Miễn phí tham quan,"1 - 2 tiếng (đặc biệt vào 21:00 thứ 7, Chủ Nhật)","Quanh năm, đẹp nhất về đêm"
Miền Trung,DEST_MT_31,Cầu Tình Yêu Đà Nẵng,Đà Nẵng,"Đường Trần Hưng Đạo, phường An Hải Trung, quận Sơn Trà, TP. Đà Nẵng",16.0630018,108.2272397,Cây cầu lãng mạn lấy cảm hứng từ các công trình nổi tiếng ở Ý và Đức. Nơi đây thu hút du khách với những chiếc đèn lồng hình trái tim rực rỡ và khu vực gắn ổ khóa tình yêu lưu giữ kỷ niệm bên sông Hàn.,"https://s3-ap-southeast-1.amazonaws.com/cntatr-assets-ap-southeast-1-250226768838-55a62c9399d4d8a6/2017/01/du-lich-da-nang-hoi-an-8.jpg?tr=q-70,c-at_max,w-1000,h-600",4.7/5,"""Cầu Tình Yêu"", ""sông Hàn"", ""ổ khóa tình yêu"", ""đèn lồng trái tim"", ""check-in""",Miễn phí tham quan (mua ổ khóa khoảng 50.000đ - 100.000đ),1 - 2 tiếng (thích hợp đi buổi tối),"Quanh năm, đẹp nhất về đêm"
Miền Trung,DEST_MT_32,Đại Nội Huế,Thừa Thiên Huế,"Đường 23/8, phường Thuận Hòa, thành phố Huế, tỉnh Thừa Thiên Huế",16.4695321,107.5748571,"Quần thể kiến trúc hoành tráng mang đậm dấu ấn lịch sử triều Nguyễn và được UNESCO công nhận là Di sản Văn hóa Thế giới năm 1993. Nơi đây sở hữu hơn 100 công trình độc đáo như Ngọ Môn, Điện Thái Hòa, Tử Cấm Thành.","https://s3-ap-southeast-1.amazonaws.com/cntatr-assets-ap-southeast-1-250226768838-55a62c9399d4d8a6/2024/11/shutterstock_1484161232-1-1024x682.jpg?tr=q-70,c-at_max,w-1000,h-600",4.8/5,"""Đại Nội Huế"", ""UNESCO"", ""di tích lịch sử"", ""triều Nguyễn"", ""văn hóa""",Từ 200.000đ/người (vé vào cổng),2 - 3 tiếng,"Tháng 1 đến tháng 4 (tiết trời mát mẻ, dễ chịu)"
Miền Trung,DEST_MT_33,Sông Hương,Thừa Thiên Huế,"Thành phố Huế, tỉnh Thừa Thiên Huế",16.4789106,107.5125061,"òng sông biểu tượng và linh hồn của cố đô Huế với vẻ đẹp trữ tình, thơ mộng như bức tranh thủy mặc. Sông uốn lượn qua các làng quê yên bình, gắn liền với di tích lịch sử và những cây cầu cổ kính như cầu Tràng Tiền.","https://s3-ap-southeast-1.amazonaws.com/cntatr-assets-ap-southeast-1-250226768838-55a62c9399d4d8a6/2024/11/ban-do-du-lich-hue-9-1024x683.png?tr=q-70,c-at_max,w-1000,h-600",4.8/5,"""sông Hương"", ""Hương Giang"", ""cầu Tràng Tiền"", ""trữ tình"", ""du thuyền ca Huế""",Miễn phí ngắm cảnh (chi phí đi thuyền rồng / nghe ca Huế khoảng 100.000đ - 150.000đ/người),1 - 2 tiếng (đặc biệt vào hoàng hôn hoặc chiều tối),"Tháng 1 đến tháng 4 (tiết trời khô ráo, dịu mát)"
Miền Trung,DEST_MT_34,Cầu Tràng Tiền,Thừa Thiên Huế,"Phường Phú Hội / Phường Đông Ba, thành phố Huế, tỉnh Thừa Thiên Huế",16.466416,107.5871567,"Biểu tượng cổ kính bắc qua dòng sông Hương thơ mộng mang kiến trúc Pháp cổ điển. Cây cầu sở hữu vẻ đẹp hài hòa, uy nghi với những nhịp vòm hoa văn tinh xảo, mang lại cảm giác bình yên sâu lắng cho du khách.","https://s3-ap-southeast-1.amazonaws.com/cntatr-assets-ap-southeast-1-250226768838-55a62c9399d4d8a6/2024/11/ban-do-du-lich-hue-6-1024x683.png?tr=q-70,c-at_max,w-1000,h-600",4.7/5,"""cầu Tràng Tiền"", ""sông Hương"", ""kiến trúc Pháp"", ""cổ kính"", ""biểu tượng Huế""",Miễn phí tham quan,1 tiếng (thích hợp dạo bộ chiều mát hoặc buổi tối),Tháng 1 đến tháng 4 (tiết trời dịu mát) hoặc mùa hoa phượng nở (tháng 5 - 7)
Miền Trung,DEST_MT_35,Vịnh Lăng Cô,Thừa Thiên Huế,"Thị trấn Lăng Cô, huyện Phú Lộc, tỉnh Thừa Thiên Huế",16.2302959,108.0819942,"Nằm dưới chân đèo Hải Vân với dải cát trắng mịn trải dài 42,5km và nước biển trong xanh như ngọc. Vịnh sở hữu vẻ đẹp tự nhiên hoang sơ, quyến rũ kết hợp khung cảnh núi non hùng vĩ cùng khí hậu ôn hòa quanh năm.","https://s3-ap-southeast-1.amazonaws.com/cntatr-assets-ap-southeast-1-250226768838-55a62c9399d4d8a6/2024/11/ban-do-du-lich-hue-13-1024x683.png?tr=q-70,c-at_max,w-1000,h-600",4.8/5,"""vịnh Lăng Cô"", ""chân đèo Hải Vân"", ""biển xanh"", ""hoang sơ"", ""nghỉ dưỡng""",Miễn phí tham quan và tắm biển,Nửa ngày đến 1 ngày,"Tháng 4 đến tháng 7 (mùa hè nắng đẹp, nước biển xanh trong nhất)"
Miền Trung,DEST_MT_36,Động Phong Nha - Kẻ Bàng,Quảng Bình,"Huyện Bố Trạch và Minh Hóa, tỉnh Quảng Bình",17.4776841,106.1314646,"Di sản thiên nhiên thế giới được UNESCO công nhận với hệ thống núi đá vôi rộng lớn hàng đầu thế giới cùng cảnh quan rừng nguyên sinh xanh mát. Nổi tiếng với hang động kỳ vĩ, sông ngầm huyền ảo và hệ sinh thái đa dạng.",,4.9/5,"""Phong Nha Kẻ Bàng"", ""UNESCO"", ""hang động"", ""núi đá vôi"", ""sông ngầm""",Khoảng 150.000đ - 200.000đ/người (vé tham quan + thuyền máy khứ hồi),Nửa ngày đến 1 ngày,"Tháng 4 đến tháng 8 (mùa khô, thời tiết thuận lợi khám phá hang động)"
Miền Trung,DEST_MT_37,Hang Én,Quảng Bình,"Vườn Quốc gia Phong Nha - Kẻ Bàng, huyện Bố Trạch, tỉnh Quảng Bình",17.4569365,106.2694757,"Hang động lớn thứ 3 thế giới thu hút các tín đồ du lịch mạo hiểm. Bên trong hang sở hữu vô số khối thạch nhũ tráng lệ kiến tạo qua hàng trăm triệu năm cùng hồ nước trong xanh như ngọc bích, tạo nên khung cảnh huyền bí đẹp như tranh thủy mặc.","https://s3-ap-southeast-1.amazonaws.com/cntatr-assets-ap-southeast-1-250226768838-55a62c9399d4d8a6/2018/08/hang-en-2.jpg?tr=q-70,c-at_max,w-1000,h-600",4.9/5,"""Hang Én"", ""mạo hiểm"", ""hang động lớn 3 thế giới"", ""thạch nhũ"", ""hồ xanh ngọc""",Khoảng 7.500.000đ/người (tour trekking chuyên nghiệp 2 ngày 1 đêm),2 ngày 1 đêm,"Tháng 12 đến tháng 9 hàng năm (mùa khô, lý tưởng cho trekking)"
Miền Trung,DEST_MT_38,Động Thiên Đường,Quảng Bình,"Vườn Quốc gia Phong Nha - Kẻ Bàng, huyện Bố Trạch, tỉnh Quảng Bình",17.5194565,106.22071,"Được mệnh danh là ""thiên đường dưới lòng đất"" với vẻ đẹp độc đáo lung linh kỳ ảo. Nơi đây sở hữu các tầng thạch nhũ trắng muốt lung linh dưới ánh đèn, tạo nên không gian mơ màng tựa như bước ra từ câu chuyện cổ tích.","https://s3-ap-southeast-1.amazonaws.com/cntatr-assets-ap-southeast-1-250226768838-55a62c9399d4d8a6/2023/07/dong-thien-duong-10.jpg?tr=q-70,c-at_max,w-1000,h-600",4.9/5,"""động Thiên Đường"", ""thạch nhũ trắng"", ""thiên đường dưới lòng đất"", ""kỳ ảo"", ""Phong Nha""",Khoảng 250.000đ/người (vé tham quan + xe điện),Nửa ngày,"Tháng 4 đến tháng 8 (mùa khô, thời tiết mát mẻ dễ chịu trong hang)"
Miền Trung,DEST_MT_39,Hang Sơn Đoòng,Quảng Bình,"Vườn Quốc gia Phong Nha - Kẻ Bàng, huyện Bố Trạch, tỉnh Quảng Bình",17.4647975,106.284819,"Hang động tự nhiên lớn nhất thế giới được UNESCO ghi nhận với chiều dài hơn 9km, sở hữu cả hệ sinh thái rừng nhiệt đới và thời tiết riêng biệt bên trong hang. Nơi đây ẩn chứa vẻ đẹp bí ẩn quyến rũ và hiện chỉ phục vụ du lịch mạo hiểm theo tour được cấp phép hạn chế.","https://s3-ap-southeast-1.amazonaws.com/cntatr-assets-ap-southeast-1-250226768838-55a62c9399d4d8a6/2017/09/kham-pha-son-doong-22.jpg?tr=q-70,c-at_max,w-1000,h-600",5.0/5,"""Sơn Đoòng"", ""hang động lớn nhất thế giới"", ""mạo hiểm"", ""rừng trong hang"", ""Phong Nha""",Khoảng 3.000 USD/người (tương đương ~70.000.000đ - 75.000.000đ cho tour thám hiểm 4 ngày 3 đêm),4 ngày 3 đêm,"Tháng 1 đến tháng 8 hàng năm (mùa khô, thời tiết an toàn cho thám hiểm)"
Miền Trung,DEST_MT_40,Bãi biển Nhật Lệ,Quảng Bình,"Đường Trương Pháp, phường Quang Phú, TP. Đồng Hới, tỉnh Quảng Bình",17.4937696,106.6055872,"Nằm trong top 10 bãi biển thơ mộng nhất Việt Nam với màu xanh trong vắt của nước biển và bờ cát trắng mịn. Tọa lạc gần trung tâm thành phố nhưng nơi đây vẫn giữ trọn nét hoang sơ, nguyên sơ và là điểm ngắm hoàng hôn rực rỡ tuyệt đẹp trên biển.","https://s3-ap-southeast-1.amazonaws.com/cntatr-assets-ap-southeast-1-250226768838-55a62c9399d4d8a6/2024/03/bien-nhat-le-1-1024x681.jpg?tr=q-70,c-at_max,w-1000,h-600",4.7/5,"""bãi biển Nhật Lệ"", ""Đồng Hới"", ""biển xanh"", ""hoàng hôn"", ""hoang sơ""",Miễn phí tham quan và tắm biển,Nửa ngày,"háng 5 đến tháng 8 (mùa hè nắng đẹp, biển êm)"
Miền Trung,DEST_MT_41,Khu phố cổ Hội An,Quảng Nam,"Thành phố Hội An, Quảng Nam",15.8786082,108.1884968,Thương cảng cổ kính được bảo tồn nguyên vẹn với những ngôi nhà mái ngói rêu phong và đèn lồng rực rỡ sắc màu về đêm.,"https://s3-ap-southeast-1.amazonaws.com/cntatr-assets-ap-southeast-1-250226768838-55a62c9399d4d8a6/2024/07/go-and-share-kham-pha-hoi-an-hoai-co-5-1024x768.webp?tr=q-70,c-at_max,w-1000,h-600",,"""phố cổ"", ""đèn lồng"", ""di sản"", ""ẩm thực""",80.000đ/khách,1 - 2 ngày,Chiều tối hoặc các đêm rằm hàng tháng (đêm hội hoa đăng).
Miền Trung,DEST_MT_42,Eo Gió Quy Nhơn,Bình Định,"Xã Nhơn Lý, TP. Quy Nhơn, Bình Định",13.8861502,109.2719929,"Eo biển hoang sơ được bao bọc bởi những dãy núi đá hùng vĩ, nơi ngắm hoàng hôn đẹp bậc nhất miền Trung.","https://s3-ap-southeast-1.amazonaws.com/cntatr-assets-ap-southeast-1-250226768838-55a62c9399d4d8a6/2024/07/dia-diem-du-lich-quy-nhon-1.jpg?tr=q-70,c-at_max,w-1000,h-600",,"""eo biển"", ""hoang sơ"", ""check-in"", ""hoàng hôn""",Khoảng 25.000đ/người,2 - 3 tiếng,Mùa khô từ tháng 3 đến tháng 9
Miền Trung,DEST_MT_43,Kỳ Co,Bình Định,"Xã Nhơn Lý, TP. Quy Nhơn, Bình Định",13.8501806,109.2712102,Bãi tắm thiên đường với làn nước hai màu xanh ngắt và dải cát trắng mịn màng tách biệt.,"https://s3-ap-southeast-1.amazonaws.com/cntatr-assets-ap-southeast-1-250226768838-55a62c9399d4d8a6/2024/07/dia-diem-du-lich-quy-nhon-2.jpg?tr=q-70,c-at_max,w-1000,h-600",,"""bãi tắm"", ""nước trong"", ""canô"", ""check-in""",Vé tham quan kết hợp canô ra đảo khoảng 350.000đ - 450.000đ/người.,Nửa ngày.,Từ tháng 4 đến tháng 8
Miền Trung,DEST_MT_44,Tháp Đôi Quy Nhơn,Bình Định,"Đường Trần Hưng Đạo, phường Đống Đa, TP. Quy Nhơn, Bình Định",13.787734,109.2087537,Công trình kiến trúc Chăm Pa cổ kính gồm hai ngọn tháp độc đáo mang đậm giá trị tôn giáo từ thế kỷ XII,"https://s3-ap-southeast-1.amazonaws.com/cntatr-assets-ap-southeast-1-250226768838-55a62c9399d4d8a6/2024/07/dia-diem-du-lich-quy-nhon-4.jpg?tr=q-70,c-at_max,w-1000,h-600",,"""tháp cổ"", ""chăm pa"", ""lịch sử"", ""kiến trúc""",Khoảng 20.000đ/người,1 - 2 tiếng,Quanh năm
Miền Trung,DEST_MT_45,Ghềnh Đá Đĩa,Phú Yên,"Thôn Phú Hạnh, xã An Ninh Đông, huyện Tuy An, Phú Yên",13.3539631,109.2911769,Kỳ quan thiên nhiên độc đáo với hàng nghìn cột đá hình lăng trụ xếp chồng lên nhau như tổ ong khổng lồ bên bờ biển.,"https://s3-ap-southeast-1.amazonaws.com/cntatr-assets-ap-southeast-1-250226768838-55a62c9399d4d8a6/2024/07/dia-diem-du-lich-phu-yen-7.jpg?tr=q-70,c-at_max,w-1000,h-600",,"""kỳ quan"", ""đá đĩa"", ""phú yên"", ""check-in""",Khoảng 20.000đ/người,Nửa ngày,Mùa khô từ tháng 1 đến tháng 8
Miền Trung,DEST_MT_46,Tháp Nghinh Phong,Phú Yên,"Quảng trường Nghinh Phong, TP. Tuy Hòa, tỉnh Phú Yên",13.1162482,109.304601,Biểu tượng kiến trúc hiện đại độc đáo lấy cảm hứng từ Gành Đá Đĩa và truyền thuyết trăm trứng Âu Cơ.,"https://s3-ap-southeast-1.amazonaws.com/cntatr-assets-ap-southeast-1-250226768838-55a62c9399d4d8a6/2024/07/dia-diem-du-lich-phu-yen-5.jpg?tr=q-70,c-at_max,w-1000,h-600",,"""kiến trúc"", ""biểu tượng"", ""quảng trường"", ""tuy hòa""",Miễn phí,1 - 2 tiếng (đẹp nhất lúc chiều tối có bật đèn nghệ thuật),Quanh năm.
Miền Trung,DEST_MT_47,Làng cà phê Trung Nguyên,Dak Lak,"Thành phố Buôn Ma Thuột, Đắk Lắk",12.7010608,108.0585284,"Không gian văn hóa cà phê lớn và độc đáo tại thủ phủ cà phê Tây Nguyên, nơi trưng bày hiện vật và thưởng thức hương vị cà phê chuẩn vị","https://s3-ap-southeast-1.amazonaws.com/cntatr-assets-ap-southeast-1-250226768838-55a62c9399d4d8a6/2022/12/dia-diem-du-lich-buon-me-thuot-4.jpg?tr=q-70,c-at_max,w-1000,h-600",,"""cà phê"", ""văn hóa"", ""tây nguyên"", ""thư giãn""",Miễn phí vào cổng ,Nửa ngày,Quanh năm
Miền Trung,DEST_MT_48,Vườn Quốc Gia Yok Đôn,Dak Lak,"Krông Na, huyện Buôn Đôn, tỉnh Dak Lak",12.8719896,107.8047247,"Vườn quốc gia rừng khộp lớn nhất Việt Nam, nổi tiếng với hệ sinh thái động thực vật hoang dã và mô hình du lịch thân thiện với voi","https://s3-ap-southeast-1.amazonaws.com/cntatr-assets-ap-southeast-1-250226768838-55a62c9399d4d8a6/2020/07/Traveloka-Golocal_Yok-Don_10.jpg?tr=q-70,c-at_max,w-1000,h-600&auto=compress&fit=scale&fm=pjpg&h=1024&ixlib=php-1.2.1&w=1024&wpsize=large",,"""rừng khộp"", ""sinh thái"", ""tây nguyên"", ""voi""","60.000 VND/vé người lớn,
20.000 VND/vé dành cho sinh viên.",1 ngày,Mùa khô từ tháng 11 đến tháng 4 năm sau
Miền Trung,DEST_MT_49,Măng Đen,Kon Tum,"Huyện Kon Plông, tỉnh Kon Tum",14.6936464,108.0957185,"""Đà Lạt thứ hai"" của Tây Nguyên, nổi bật với khí hậu se lạnh quanh năm, rừng thông nguyên sinh và các hồ thác hoang sơ","https://s3-ap-southeast-1.amazonaws.com/cntatr-assets-ap-southeast-1-250226768838-55a62c9399d4d8a6/2024/12/Thoi-tiet-Mang-Den-nhu-the-nao-Du-lich-Mang-Den-mua-nao-dep.png?tr=q-70,c-at_max,w-1000,h-600",,"""măng đen"", ""thông"", ""khí hậu lạnh"", ""hoang sơ""",Miễn phí,2 ngày 1 đêm,Mùa hoa mai anh đào nở (tháng 12 - tháng 2) hoặc mùa khô.
Miền Trung,DEST_MT_50,Hòn Tằm,Khánh Hòa,"Vịnh Nha Trang, thành phố Nha Trang, tỉnh Khánh Hòa",12.1747921,109.232811,"Hòn đảo xinh đẹp diện tích hơn 110ha có hình dáng như một con tằm xanh biếc giữa lòng biển khơi. Nơi đây sở hữu vẻ đẹp hoang sơ độc đáo, nổi tiếng với dịch vụ tắm bùn khoáng trên đảo độc đáo cùng các khu nghỉ dưỡng sinh thái cao cấp.",,4.8/5,"""Hòn Tằm"", ""Thủy Kim Sơn"", ""vịnh Nha Trang"", ""tắm bùn đảo"", ""nghỉ dưỡng""","Khoảng 350.000đ - 800.000đ/người (tùy gói dịch vụ cano, tắm bùn hoặc buffet)",Nửa ngày đến 1 ngày,"Tháng 1 đến tháng 9 (mùa khô, biển êm nắng ấm)"
Miền Trung,DEST_MT_51,Đảo Bình Hưng,Khánh Hòa,"Xã Cam Bình, thành phố Cam Ranh, tỉnh Khánh Hòa",11.7791508,109.2067032,"Được ví như ""tiểu Maldives"" của Việt Nam và là một trong bộ bốn đảo ""Tứ Bình"" nổi tiếng. Tuy diện tích chưa đến 2km² nhưng nơi đây thu hút du khách bởi vẻ đẹp hoang sơ, làn nước biển trong vắt phản chiếu sắc trời cùng không gian yên bình quyến rũ.",,4.7/5,"""đảo Bình Hưng"", ""Hòn Chút"", ""Tứ Bình"", ""Cam Ranh"", ""tiểu Maldives""","Khoảng 200.000đ - 500.000đ/người (chi phí tàu sang đảo, vé tham quan và dịch vụ)",1 - 2 ngày,"Tháng 3 đến tháng 8 (mùa hè biển êm, nước trong và nắng đẹp)"
Miền Trung,DEST_MT_52,Tháp Bà Ponagar,Nha Trang,Thành phố Nha Trang,12.2653665,108.6185856,"Quần thể đền tháp Chăm Pa cổ kính xây dựng từ thế kỷ 8 đến 13 trên đồi Cù Lao, thờ nữ thần Thiên Y A Na với kiến trúc gạch nung độc đáo không lộ mạch vữa.","https://s3-ap-southeast-1.amazonaws.com/cntatr-assets-ap-southeast-1-250226768838-55a62c9399d4d8a6/2025/05/canh-dep-nha-trang-11-1024x561.png?tr=q-70,c-at_max,w-1000,h-600",,"""Tháp Bà Po Nagar Nha Trang"", ""Po Nagar Cham Towers"", ""Tháp Chàm Nha Trang""",120000,"1 – 1,5 tiếng",tháng 1 đến tháng 8
Miền Trung,DEST_MT_53,VinWonders Nha Trang,Khánh Hòa,Khánh Hòa,12.2170491,109.2408716,"Công viên giải trí quy mô lớn trên đảo Hòn Tre với 6 phân khu trò chơi kỷ lục, công viên nước trên biển, thủy cung và show diễn thực cảnh Tata Show.","https://ik.imagekit.io/tvlk/xpe-asset/dsIfD0QxFcgaDmB6sQchobk5CmBu9PzsWhwFXGFxJ179jzSxIGG5kZNhhHY-p7nw/xxt/experience/image/vinwonders-nha-trang-1-jpg-1080x720-FIT-2fe624a8fd96e37c935469165a8fbd52.jpeg?tr=dpr-2,c-at_max,h-312,q-1,w-540",,"""VinWonders Nha Trang"", ""Vinpearl Land Nha Trang"", ""VinWonders Hon Tre""",700000-1100000,Trọn vẹn 1 ngày,tháng 1 đến tháng 8
Miền Trung,DEST_MT_54,Vịnh Nha Trang,Khánh Hòa,Khánh Hòa,12.2188352,109.2095171,"Một trong những vịnh biển đẹp nhất thế giới gồm 19 hòn đảo lớn nhỏ, nổi bật với nước biển trong xanh, rạn san hô phong phú cùng hệ thống nghỉ dưỡng và thể thao biển hiện đại.","https://ik.imagekit.io/tvlk/xpe-asset/GZtqLuOqb-33qvDmG1FcMeN1eFEH7PVvlsdFr2AUBT39jzSxIGG5kZNhhHY-p7nw/5876256410609/An-Island-Pleasure-The-Best-of-Nha-Trang-Bay---Day-Tour--6517b1ea-2a4d-43e9-bc28-cc886c793dd0.png?_src=imagekit&tr=dpr-2,c-at_max,h-231,q-100,w-740",,"""Vịnh Nha Trang"", ""Nha Trang Bay"", ""Tour các đảo vịnh Nha Trang""",Gía từ 845000,1 – 2 ngày,tháng 1 đến tháng 8
Miền Trung,DEST_MT_55,Hòn Mun Nha Trang,Khánh Hòa,Khánh Hòa,12.1667613,109.2967039,"Hòn đảo thơ mộng được đặt tên theo màu đá đen tuyền như gỗ mun ở các vách đá nhô ra biển. Đây là khu bảo tồn biển đầu tiên của Việt Nam với hệ sinh thái san hô và sinh vật biển đa dạng bậc nhất Đông Nam Á, nổi tiếng toàn cầu với các tour lặn bình khí (scuba diving), lặn ống thở (snorkeling) và đi tàu đáy kính ngắm đáy đại dương.","https://ik.imagekit.io/tvlk/xpe-asset/GZtqLuOqb-33qvDmG1FcMeN1eFEH7PVvlsdFr2AUBT39jzSxIGG5kZNhhHY-p7nw/5467294211170/Hon-Mun-Fishing-Village-and-Mini-Beach-Bai-Tranh-Hon-Tam---Day-Tour-5131a43a-008f-4d37-8929-90b69d4e932e.png?_src=imagekit&tr=dpr-2,c-at_max,h-231,q-100,w-740",,"""Hòn Mun Nha Trang"", ""Hon Mun Island Nha Trang"", ""Khu bảo tồn biển Hòn Mun""",các tour có giá từ 600000,1 - 2 ngày,háng 3 đến tháng 8
Miền Trung,DEST_MT_56,Vĩnh Hy,Ninh Thuận,Ninh Thuận,11.719399,109.1940378,"Một trong những vịnh biển tự nhiên hoang sơ và đẹp nhất Việt Nam, được bao bọc bởi quần thể Vườn quốc gia Núi Chúa và biển cả xanh ngọc bích. Nơi đây nổi tiếng với các hoạt động lặn ngắm san hô bằng tàu đáy kính, chèo thuyền sup, tắm biển tại Bãi Cóc, Bãi Bà Điên, ngắm cảnh đường đèo ven biển ngoạn mục và thưởng thức hải sản tươi sống ngay trên các bè nổi.","https://s3-ap-southeast-1.amazonaws.com/cntatr-assets-ap-southeast-1-250226768838-55a62c9399d4d8a6/2024/05/du-lich-vinh-hy-ninh-thuan-3-ngay-3-dem-2.jpg?tr=q-70,c-at_max,w-1000,h-600",,"""Vịnh Vĩnh Hy Ninh Thuận"", ""Vinh Hy Bay Ninh Thuan"", ""Vịnh Vĩnh Hy""",200000 tiền tham quan và các chi phí như đi thuyền,2 - 3 ngày ,tháng 2 đến tháng 9
Miền Nam,DEST_MN_57,Vườn thú ZooDoo Đà Lạt,Lâm Đồng,"QL27C, Xã Đạ Nhim, Huyện Lạc Dương, Tỉnh Lâm Đồng",12.1120104,108.5835609,"Mô hình vườn thú phong cách Úc độc đáo cho phép du khách tương tác, cho ăn và chụp ảnh trực tiếp với các loài động vật thân thiện như chuột túi Alpaca, cừu, ngựa lùn Pony. Điểm đến mang tính giáo dục cao, cực kỳ thích hợp cho gia đình và trẻ nhỏ.","https://s3-ap-southeast-1.amazonaws.com/cntatr-assets-ap-southeast-1-250226768838-55a62c9399d4d8a6/2024/12/zoodoo-1024x768.jpg?tr=q-70,c-at_max,w-1000,h-600",4.7/5,"""ZooDoo"", ""vườn thú Úc"", ""tương tác động vật"", ""Đà Lạt"", ""du lịch gia đình""","Khoảng 100.000đ/người lớn, 50.000đ/trẻ em",2 - 3 tiếng (nên đặt vé trước theo khung giờ),Quanh năm (đặc biệt vào các tháng khô ráo từ tháng 11 đến tháng 4)
Miền Nam,DEST_MN_58,Thác Datanla,Lâm Đồng,"QL20 Đèo Prenn, Phường 3, Đà Lạt, Lâm Đồng 66000",,,Khu du lịch thác nước nổi tiếng với hệ thống máng trượt dài xuyên rừng thông và các trò chơi mạo hiểm hấp dẫn.,"https://s3-ap-southeast-1.amazonaws.com/cntatr-assets-ap-southeast-1-250226768838-55a62c9399d4d8a6/2024/12/daltala.jpg?tr=q-70,c-at_max,w-1000,h-600",,"""thác nước"", ""máng trượt"", ""mạo hiểm"", ""đà lạt""",Vé vào cổng khoảng 50.000đ/người ,Nửa ngày,Quanh năm
Miền Nam,DEST_MN_59,Đồi chè Cầu Đất Farm,Lâm Đồng,"Phát Chi, Đà Lạt, Lâm Đồng",,,"Thảm xanh bao la rợp trời với không khí trong lành và cảnh quan lãng mạn. Đây là điểm săn mây bình minh tuyệt đẹp, kết hợp không gian check-in Euro Garden phong cách châu Âu độc đáo cùng tiệm cà phê tàu hỏa cổ điển view thung lũng.","https://s3-ap-southeast-1.amazonaws.com/cntatr-assets-ap-southeast-1-250226768838-55a62c9399d4d8a6/2024/12/cau-dat-farm.jpg?tr=q-70,c-at_max,w-1000,h-600",4.7/5,"""đồi chè Cầu Đất"", ""săn mây Đà Lạt"", ""Euro Garden"", ""cà phê tàu hỏa"", ""trà Cầu Đất""",Miễn phí vé vào cổng đồi chè; dịch vụ xe điện và cà phê khoảng 50.000đ - 100.000đ/người,2 - 3 tiếng (nên đi từ 5:30 - 8:00 sáng để săn mây),"Tháng 10 đến tháng 4 năm sau (mùa khô, sáng sớm nhiều mây và nắng đẹp)"
Miền Nam,DEST_MN_60,Đỉnh Langbiang,Đà Lạt,Đà Lạt,,,"Ngọn núi cao nhất khu vực Đà Lạt gắn liền với truyền thuyết tình yêu thiên thu của chàng K'lang và nàng H'biang. Nơi đây sở hữu tầm nhìn ôm trọn toàn cảnh thành phố Đà Lạt, hồ Dankia, suối Vàng, suối Bạc cùng các trải nghiệm chinh phục đỉnh núi bằng xe jeep, trekking hoặc cưỡi ngựa.",,4.5/5,"""Langbiang"", ""núi Langbiang"", ""xe jeep Langbiang"", ""ngắm cảnh Đà Lạt"", ""truyền thuyết K'lang H'biang""",Vé vào cổng 50.000đ/người lớn; xe jeep lên đỉnh Rada khoảng 120.000đ/người (khứ hồi),2 - 4 tiếng,"Tháng 11 đến tháng 4 (mùa khô, trời trong xanh, đường leo núi khô ráo)"
Miền Nam,DEST_MN_61,Hồ Tuyền Lâm,Lâm Đồng,"Phường 4, Đà Lạt, Lâm Đồng",,,"Hồ nước ngọt rộng lớn và thơ mộng bậc nhất Đà Lạt, nằm ngay dưới chân núi Phụng Hoàng và thiền viện Trúc Lâm. Nơi đây thu hút du khách với chuỗi trải nghiệm phong phú như chèo thuyền SUP, đi cano ngắm cảnh, cắm trại ven hồ, trekking khám phá rừng thông Quảng Thừa và ngắm lá đỏ mùa thu.","https://s3-ap-southeast-1.amazonaws.com/cntatr-assets-ap-southeast-1-250226768838-55a62c9399d4d8a6/2024/12/ho-tuyen-lam-dalat.jpg?tr=q-70,c-at_max,w-1000,h-600",4.7/5,"""Hồ Tuyền Lâm"", ""chèo SUP Đà Lạt"", ""cắm trại Hồ Tuyền Lâm"", ""rừng Quảng Thừa"", ""du lịch sinh thái Đà Lạt""",Miễn phí tham quan hồ; thuê SUP/cano khoảng 150.000đ - 300.000đ/người,2 - 4 tiếng (hoặc qua đêm nếu cắm trại),"Tháng 11 đến tháng 4 năm sau (mùa khô, trời nắng nhẹ, thích hợp cho các hoạt động dưới nước và dã ngoại)"
Miền Nam,DEST_MN_62,Đường hầm điêu khắc đất sét,Lâm Đồng,"Phường 4, Đà Lạt, Lâm Đồng",,,"Công trình điêu khắc bằng đất sét đỏ dài nhất thế giới tái hiện toàn bộ lịch sử hình thành và phát triển của Đà Lạt từ thời sơ khai đến hiện đại. Nơi đây nổi bật với các mô hình thu nhỏ như Nhà ga Đà Lạt, Nhà thờ Con Gà, cùng điểm check-in Hồ Vô Cực thu hút đông đảo du khách.","https://s3-ap-southeast-1.amazonaws.com/cntatr-assets-ap-southeast-1-250226768838-55a62c9399d4d8a6/2024/12/duong-ham-dieu-khac-dalat-1024x577.jpg?tr=q-70,c-at_max,w-1000,h-600",4.3/5,"""Đường hầm đất sét"", ""Đường hầm điêu khắc"", ""Hồ Vô Cực Đà Lạt"", ""kiến trúc đất sét"", ""check-in Đà Lạt""","khoảng 120.000đ/người lớn, 50.000đ/trẻ em",1 - 2 tiếng,"Tháng 11 đến tháng 4 (mùa khô, nắng đẹp, không lo trơn trượt khi tham quan ngoài trời)"
Miền Nam,DEST_MN_63,Hồ Xuân Hương,Lâm Đồng,"Phường 1 trung tâm thành phố Đà Lạt, tỉnh Lâm Đồng",,,"Trái tim của thành phố sương mù, hình lưỡi liềm thơ mộng ôm trọn trung tâm Đà Lạt.","https://s3-ap-southeast-1.amazonaws.com/cntatr-assets-ap-southeast-1-250226768838-55a62c9399d4d8a6/2024/12/ho-xuan-huong-dalat.jpg?tr=q-70,c-at_max,w-1000,h-600",4.6/5.0,"""hồ trung tâm"", ""đi dạo"", ""đà lạt"", ""thơ mộng""",Miễn phí.,Sớm mai hoặc chiều tối.,Quanh năm.
Miền Nam,DEST_MN_64,Ga Đà Lạt,Lâm Đồng,"7a Nguyễn Trãi, Phường 10, Đà Lạt, Lâm Đồng",,,Nhà ga xe lửa cổ kính mang phong cách kiến trúc Pháp đẹp nhất Đông Dương với đầu tàu hơi nước cổ.,"https://s3-ap-southeast-1.amazonaws.com/cntatr-assets-ap-southeast-1-250226768838-55a62c9399d4d8a6/2024/12/ga-da-lat.jpg?tr=q-70,c-at_max,w-1000,h-600",4.3/5.0,"""nhà ga cổ"", ""kiến trúc pháp"", ""check-in"", ""đà lạt""",Khoảng 10.000đ - 50.000đ/người,1 - 2 tiếng,Quanh năm
Miền Nam,DEST_MN_65,Wonderland Water Park Phan Thiết,Bình Thuận,Bình Thuận,,,"Công viên nước quy mô lớn lấy cảm hứng từ thế giới thám hiểm đại dương với phong cách xứ sở thần tiên. Nơi đây sở hữu hàng loạt tổ hợp đường trượt nước cảm giác mạnh đa cấp độ, bể tạo sóng nhân tạo, dòng sông lười uốn quanh cùng các khu vui chơi vận động dưới nước liên hoàn dành riêng cho gia đình và trẻ em.","https://s3-ap-southeast-1.amazonaws.com/cntatr-assets-ap-southeast-1-250226768838-55a62c9399d4d8a6/2024/05/Wonderland-Water-Park-Phan-Thiet-Tickets-1024x768.jpeg?tr=q-70,c-at_max,w-1000,h-600",4.4/5.0,"""Wonderland Water Park Phan Thiet"", ""Công viên nước Wonderland Phan Thiết"", ""Wonderland Water Park NovaWorld""",250000,2 - 3 tiếng,8h - 17h
Miền Nam,DEST_MN_66,Công viên khủng long Phan Thiết,Phan Thiết,"194 Lạc Long Quân, Tiến Thành, Thành phố Phan Thiết",,,"Công viên Khủng Long Phan Thiết - Dino Park mang đến cho du khách một cuộc hành trình kỳ thú, theo dõi dấu vết của các nhà khoa học đã tái tạo thành công những loài khủng long đã tuyệt chủng từ hàng trăm triệu năm trước. Các nhà khoa học này đã bí mật xây dựng một khu vực ven biển để nuôi dưỡng các loài sinh vật độc đáo này.","https://s3-ap-southeast-1.amazonaws.com/cntatr-assets-ap-southeast-1-250226768838-55a62c9399d4d8a6/2024/07/du-lic-phan-thiet-1-1024x768.png?tr=q-70,c-at_max,w-1000,h-600",4.3/5.0,"""Dino Park Phan Thiết"", ""Công viên khủng long Phan Thiết"", ""Dino Park NovaWorld""",125000,"1,5 – 2,5 tiếng",8:00 – 10:00
Miền Nam,DEST_MN_67,Safari Cafe Phan Thiết,Bình Thuận,Tỉnh Bình Thuận,,,"Safari Cafe Phan Thiết là điểm dừng chân lý tưởng cho du khách khi khám phá thành phố biển xinh đẹp này. Quán cafe nổi bật với không gian mở, gần gũi thiên nhiên, được thiết kế theo phong cách hoang dã, mang lại cảm giác như đang lạc vào một khu rừng safari thực sự.","https://s3-ap-southeast-1.amazonaws.com/cntatr-assets-ap-southeast-1-250226768838-55a62c9399d4d8a6/2024/07/du-lich-phan-thiet-2-1024x768.png?tr=q-70,c-at_max,w-1000,h-600",4.4/5.0,"""Safari Cafe Phan Thiết"", ""Safari Cafe NovaWorld"", ""Safari Cafe Binh Thuan""",135000-390000,"1,5 – 2 tiếng.",Nên đi vòa buổi sáng
Miền Nam,DEST_MN_68,Đồi Kỳ Quan Phan Thiết,Bình Thuận,"Thành phố Phan Thiết, Tỉnh Bình Thuận",,,"Công viên chủ đề trên đồi cao khoảng 71m so với mực nước biển, lấy cảm hứng từ truyền thuyết con tàu cứu thế Noah. Nơi đây nổi bật với công trình Cầu Kỳ Quan hình tròn uốn lượn có tầm nhìn 360 độ ngắm trọn biển và toàn cảnh dự án, cùng mô hình con tàu gỗ khổng lồ bên trong trưng bày sinh động đời sống con người và các loài thú giải cứu sau trận đại hồng thủy.","https://ik.imagekit.io/tvlk/xpe-asset/dsIfD0QxFcgaDmB6sQchobk5CmBu9PzsWhwFXGFxJ179jzSxIGG5kZNhhHY-p7nw/xxt/experience/image/Primary-Photo--2--png-7b8914d55f1c30b128ae98333cb0e6be.png?tr=q-60,c-at_max,w-740,h-500&_src=imagekit",4.5/5.0,"""Wonder Hill Phan Thiết"", ""Đồi Kỳ Quan Phan Thiết"", ""Wonder Hill NovaWorld""",105000-390000 tùy combo,"1,5 – 2,5 tiếng",tháng 11 đến tháng 4
Miền Nam,DEST_MN_69,Nhà Thờ Đức Bà,Hồ Chí Minh,"Công trường Công xã Paris, Bến Nghé, Quận 1, Thành phố Hồ Chí Minh",,,"một trong những địa điểm du lịch nổi tiếng ở Việt Nam. Tọa lạc uy nghi ngay trung tâm Quận 1, công trình này là một trong những biểu tượng kiến trúc tiêu biểu còn lưu giữ từ thời Pháp thuộc, nơi ghi dấu hơn 135 năm lịch sử của vùng đất Sài Gòn - Gia Định.","https://s3-ap-southeast-1.amazonaws.com/cntatr-assets-ap-southeast-1-250226768838-55a62c9399d4d8a6/2025/05/canh-dep-sai-gon-2-1024x683.png?tr=q-70,c-at_max,w-1000,h-600",4.5/5.0,"""Nha tho duc ba""",Miễn Phí,1 - 2 tiếng,Quanh năm
Miền Nam,DEST_MN_70,Bưu điện Trung tâm Sài Gòn,Hồ Chí Minh,"Phường Bến Nghé, Quận 1, Thành phố Hồ Chí Minh",,,"Bưu điện Trung tâm Sài Gòn là một trong những công trình kiến trúc cổ tiêu biểu còn được gìn giữ nguyên vẹn từ thời Pháp. Với sắc vàng đặc trưng, mái ngói đỏ, các ô cửa vòm cao vút và họa tiết trang trí tinh xảo, tòa nhà mang vẻ đẹp kết hợp giữa kiến trúc Roman, Gothic phương Tây và điểm nhấn Á Đông ở phần mái.","https://s3-ap-southeast-1.amazonaws.com/cntatr-assets-ap-southeast-1-250226768838-55a62c9399d4d8a6/2025/05/7ymIdobS-canh-dep-sai-gon-3-1024x683.png?tr=q-70,c-at_max,w-1000,h-600",4.5/5.0,"""Buu dien Trung tam Sai Gon"", ""Saigon Central Post Office"", ""Ho Chi Minh City Central Post Office"", ""buu dien quan 1""",Miễn Phí,"45 phút – 1,5 tiếng",Quanh năm
Miền Nam,DEST_MN_71,Dinh Độc Lập,Hồ Chí Minh,Thành phố Hồ Chí Minh,,,"Di tích quốc gia đặc biệt, biểu tượng lịch sử và là kiệt tác kiến trúc hiện đại do kiến trúc sư Ngô Viết Thụ thiết kế. Tòa nhà mang đậm triết lý phương Đông kết hợp công năng hiện đại, từng là nơi làm việc của Tổng thống Việt Nam Cộng hòa trước năm 1975. Nơi đây lưu giữ nguyên vẹn các phòng khánh tiết, phòng họp nội các, khu hầm chỉ huy kiên cố và khuôn viên rợp bóng cây xanh.","https://s3-ap-southeast-1.amazonaws.com/cntatr-assets-ap-southeast-1-250226768838-55a62c9399d4d8a6/2025/05/canh-dep-sai-gon-4-1024x683.png?tr=q-70,c-at_max,w-1000,h-600",4.4/5.0,"""Dinh Doc Lap"", ""Dinh Thống Nhất"", ""Independence Palace"", ""Reunification Convention Hall""",430000 - 860000,2 – 3 tiếng,tháng 12 đến tháng 4
Miền Nam,DEST_MN_72,Nhà Hát Thành Phố,Hồ Chí Minh,"Công trường Lam Sơn, Bến Nghé, Quận 1, Thành phố Hồ Chí Minh",,,"Công trình được khởi công năm 1898 và khánh thành đầu thế kỷ XX, mang kiến trúc baroque đặc trưng, lấy cảm hứng từ nhà hát Petit Palais tại Paris.","https://s3-ap-southeast-1.amazonaws.com/cntatr-assets-ap-southeast-1-250226768838-55a62c9399d4d8a6/2025/05/canh-dep-sai-gon-6-1024x683.png?tr=q-70,c-at_max,w-1000,h-600",4.4/5.0,"""Nhà hát thành phố """,1250000,2 tiếng,17:00-19:00
Miền Nam,DEST_MN_73,Bến Nhà Rồng,Hồ Chí Minh,"Nguyễn Tất Thành, Phường 13, Quận 4, Thành phố Hồ Chí Minh",,,"Di tích lịch sử trọng điểm nằm bên sông Sài Gòn, nguyên là trụ sở của hãng vận tải thương thuyền Messageries Maritimes với kiến trúc phương Tây kết hợp tượng đôi rồng châu đầu vào mặt trăng trên đỉnh mái. Đây là nơi người thanh niên Nguyễn Tất Thành (Chủ tịch Hồ Chí Minh) đã ra đi tìm đường cứu nước vào ngày 5/6/1911; hiện trưng bày nhiều hiện vật, tư liệu quý giá về cuộc đời và sự nghiệp của Bác.","https://s3-ap-southeast-1.amazonaws.com/cntatr-assets-ap-southeast-1-250226768838-55a62c9399d4d8a6/2025/05/canh-dep-sai-gon-7-1024x683.png?tr=q-70,c-at_max,w-1000,h-600",4.4/5.0,"""Bến Nhà Rồng"", ""Ben Nha Rong"", ""Bảo tàng Hồ Chí Minh Bến Nhà Rồng"", ""Dragon Wharf Ho Chi Minh""",Miễn phí,"1,5 – 2 tiếng",16h – 17h
Miền Nam,DEST_MN_74,Phố Đi Bộ Nguyễn Huệ,Hồ Chí Minh,"Quận 1, Thành phố Hồ Chí Minh",,,"Trục đường quảng trường đi bộ hiện đại và sầm uất bậc nhất trung tâm Sài Gòn, nối liền từ trụ sở Ủy ban Nhân dân Thành phố đến bờ sông Sài Gòn (Bến Bạch Đằng). Nơi đây thường xuyên tổ chức các sự kiện văn hóa nghệ thuật, biểu diễn đường phố, xung quanh tập trung nhiều quán cà phê chung cư cổ, nhà hàng, khách sạn và các trung tâm thương mại cao cấp.","https://s3-ap-southeast-1.amazonaws.com/cntatr-assets-ap-southeast-1-250226768838-55a62c9399d4d8a6/2025/05/canh-dep-sai-gon-8-1024x683.png?tr=q-70,c-at_max,w-1000,h-600",4.5/5.0,"""Phố đi bộ Nguyễn Huệ"", ""Nguyen Hue Walking Street"", ""Nguyen Hue Pedestrian Street"", ""pho di bo quan 1""",Miễn phí,"1,5 – 3 tiếng",18:30 – 22:00 để tận hưởng gió mát
Miền Nam,DEST_MN_75,Chợ Bến Thành,Hồ Chí Minh,Thành phố Hồ Chí Minh,,,"Biểu tượng lịch sử và văn hóa lâu đời bậc nhất của Sài Gòn, nổi bật với tháp đồng hồ 4 mặt ở cửa Nam. Chợ là trung tâm giao thương sầm uất với hàng ngàn gian hàng đa dạng từ vải vóc, đồ lưu niệm, thủ công mỹ nghệ cho đến khu ẩm thực phong phú với nhiều món ăn truyền thống Nam Bộ.","https://s3-ap-southeast-1.amazonaws.com/cntatr-assets-ap-southeast-1-250226768838-55a62c9399d4d8a6/2025/05/canh-dep-sai-gon-5-1024x683.png?tr=q-70,c-at_max,w-1000,h-600",4.1/5.0,"""Cho Ben Thanh"", ""Ben Thanh Market"", ""Ben Thanh Market Ho Chi Minh""",Miễn phí,"1,5 – 2,5 tiếng.",Quanh năm
Miền Nam,DEST_MN_76,"
 Núi Bà Đen Tây Ninh",Tây Ninh,"Xã Bình Minh, Thành phố Tây Ninh, Tỉnh Tây Ninh",,,"Được mệnh danh là ""Nóc nhà Nam Bộ"" với độ cao 986m, nơi đây là quần thể di tích văn hóa, lịch sử và tâm linh nổi tiếng. Khu du lịch có hệ thống cáp treo hiện đại dẫn lên cụm chùa Bà cổ kính lưng chừng núi và đỉnh núi – nơi tọa lạc tượng Phật Bà Tây Bổ Đà Sơn bằng đồng kỷ lục cùng không gian vườn hoa, mây trời hùng vĩ.","https://ik.imagekit.io/tvlk/xpe-asset/AyJ40ZAo1DOyPyKLZ9c3RGQHTP2oT4ZXW+QmPVVkFQiXFSv42UaHGzSmaSzQ8DO5QIbWPZuF+VkYVRk6gh-Vg4ECbfuQRQ4pHjWJ5Rmbtkk=/4234684001188/Sun-World-Ba-Den-Mountain-38bdf6a2-36e7-49cf-9d87-73b3dec4b05e.jpeg?tr=dpr-2,c-at_max,h-312,q-1,w-540",4.7/5.0,"""Nui Ba Den Tay Ninh"", ""Khu du lịch Núi Bà Đen"", ""Ba Den Mountain Tay Ninh"", ""Sun World Ba Den Mountain""","150000-800000,tùy thuộc vào vào cách đi",4 – 6 tiếng,tháng 12 đến tháng 4
Miền Nam,DEST_MN_77,Tòa Thánh Tây Ninh,Tây Ninh,"Thị xã Hòa Thành, Tỉnh Tây Ninh",,,"Trung tâm hành hương và là cơ quan đầu não thiêng liêng của đạo Cao Đài. Công trình sở hữu kiến trúc tôn giáo độc đáo, bề thế kết hợp giữa các yếu tố phương Đông và phương Tây, với hệ thống cột rồng rực rỡ, mái vòm họa tiết bầu trời cùng biểu tượng Thiên Nhãn đặc trưng.","https://s3-ap-southeast-1.amazonaws.com/cntatr-assets-ap-southeast-1-250226768838-55a62c9399d4d8a6/2024/03/kinh-nghiem-du-lich-tay-ninh-1-ngay-6-1024x576.jpg?tr=q-70,c-at_max,w-1000,h-600",4.6/5.0,"""Toa Thanh Tay Ninh"", ""Cao Dai Holy See Tay Ninh"", ""Cao Dai Temple Tay Ninh""",Miễn phí,"1,5 – 2 tiếng",Quanh năm
Miền Nam,DEST_MN_78,Khu Du Lịch Hồ Mây,Bà Rịa - Vũng Tàu,Tỉnh Bà Rịa – Vũng Tàu,,,"Là quần thể du lịch, giải trí và sinh thái nằm trên đỉnh Núi Lớn (Tương Kỳ) ở độ cao hơn 200m so với mực nước biển. Du khách di chuyển lên khu du lịch bằng hệ thống cáp treo ngắm toàn cảnh thành phố biển. Nơi đây tích hợp đa dạng hoạt động gồm: công viên nước trên núi, các trò chơi cảm giác mạnh, rạp phim 5D, khu du lịch sinh thái, hồ cảnh quan nhân tạo và các công trình tâm linh, lịch sử.","https://ik.imagekit.io/tvlk/blog/2022/11/khu-du-lich-ho-may-6.jpg?tr=q-70,c-at_max,w-500,h-250,dpr-2",4.2/5.0,"""Ho May Park Vung Tau"", ""cáp treo Hồ Mây"", ""Ho May cable car""",190000,4 – 6 tiếng, tháng 11 đến tháng 4 năm sau
Miền Nam,DEST_MN_79,Wonder Museum - Bảo tàng kỳ quan,Bà Rịa - Vũng Tàu,"hước Thuận, Xuyên Mộc, Bà Rịa - Vũng Tàu",,,"Wonder Museum Hồ Tràm, còn được gọi là Bảo tàng Kỳ Quan, là một điểm đến hấp dẫn tại NovaWorld Hồ Tràm, Bà Rịa - Vũng Tàu. Với diện tích hơn 10.000m², những địa điểm du lịch ở Việt Nam như bảo tàng này được chia thành 12 khu vực chủ đề đa dạng, mang đến trải nghiệm phong phú cho du khách.
","https://ik.imagekit.io/tvlk/xpe-asset/dsIfD0QxFcgaDmB6sQchobk5CmBu9PzsWhwFXGFxJ179jzSxIGG5kZNhhHY-p7nw/xxt/experience/image/10-png-4d2b01acb8824f1a3763e9699693cdf6.png?tr=q-60,c-at_max,w-740,h-500&_src=imagekit",4.3/5.0," "" Wonder Museum"",""hồ tràm",70000-90000/vé tùy độ tuổi & ngày thường/lễ,3 - 4 giờ,Mùa khô (Tháng 11 – Tháng 4)
Miền Nam,DEST_MN_80,Công viên nước Tropicana Park Hồ Tràm,Bà Rịa - Vũng Tàu,"Xã Bình Châu, huyện Xuyên Mộc, Bà Rịa – Vũng Tàu",,,"Công viên nước Tropicana Park Hồ Tràm Vũng Tàu không chỉ là công viên nước đầu tiên tại Hồ Tràm mà còn là một khu phức hợp giải trí bao gồm cả công viên nước và công viên khám phá. Lấy cảm hứng từ văn hóa của tộc người Polynesia ở Thái Bình Dương, công viên được thiết kế với các họa tiết Tiki đặc trưng và không gian ngập tràn hơi thở của ""Ốc đảo Hawail"".","https://ik.imagekit.io/tvlk/blog/2023/04/tropicana-park-1.jpg?tr=q-70,c-at_max,w-1000,h-600",4.4/5.0,"""công viên nước"", ""NovaWorl"", ""gia đình"", ""Polynesia""",130.000 - 200.000/vé tùy độ tuổi & ngày thường/lễ,1 buổi - 1 ngày,"Quanh năm, nên tranh cuối tuần/lễ nếu ngại đông; tránh mùa mưa"
Miền Nam,DEST_MN_81,Tượng chúa Kito Vua,Bà Rịa - Vũng Tàu,"Núi Nhỏ, đường Thùy Vân/Trần Phú, TP. Vũng Tàu",,,"Bức tượng Chúa dang tay đặt trên đỉnh Núi Nhỏ, du khách leo 133 bậc thang xoắn ốc lên cánh tay tượng để ngắm toàn cảnh thành phố biển",https://mia.vn/media/uploads/blog-du-lich/tuong-chua-kito-vung-tau-tuong-chua-jesus-lon-nhat-chau-a-06-1633683878.jpg,4.5/5.0,"""tượng Chúa"", ""check-in"", ""tâm linh"", ""Núi Nhỏ""",Miễn Phí,1 - 2 giờ,"Mùa nắng (tháng 11 – tháng 4), tránh mùa mưa (tháng 5–10) vì bậc thang trơn"
Miền Nam,DEST_MN_82,Mũi Nghinh phong,Vũng Tàu,"Số 1 đường Hạ Long, phường 2, TP. Vũng Tàu",,,"Mũi đất nhô ra biển giữa bãi Sau và bãi Dứa, lộng gió quanh năm, là điểm check-in, cắm trại, câu cá nổi tiếng","https://s3-ap-southeast-1.amazonaws.com/cntatr-assets-ap-southeast-1-250226768838-55a62c9399d4d8a6/2025/03/ban-do-du-lich-vung-tau-2.webp?tr=q-70,c-at_max,w-1000,h-600",4.4/5.0,"""check-in"", ""hoàng hôn"", ""cắm trại"", ""biển""",Miễn Phí,1 - 2 giờ ,"Quanh năm, đẹp nhất sáng sớm hoặc chiều tà"
Miền Nam,DEST_MN_83,Bạch Dinh ,Vũng Tàu,"4–6 Trần Phú, phường 1, TP. Vũng Tàu",,,"Biệt thự cổ kiến trúc Pháp cuối thế kỷ 19, từng là nơi giam lỏng vua Thành Thái và nghỉ dưỡng của Toàn quyền Đông Dương, nay là di tích lịch sử quốc gia trưng bày cổ vật","https://s3-ap-southeast-1.amazonaws.com/cntatr-assets-ap-southeast-1-250226768838-55a62c9399d4d8a6/2025/03/ban-do-du-lich-vung-tau-22-1024x576.jpg?tr=q-70,c-at_max,w-1000,h-600",4.3/5.0,"""di tích lịch sử"", ""kiến trúc Pháp"", ""cổ vật""",~15.000đ/người/vé,1 giờ ,"Quanh năm, đẹp nhất mùa hoa sứ nở (tháng 9–10)"
Miền Nam,DEST_MN_84,Cồn Phụng,Bến Tre,"Xã Tân Thạch, huyện Châu Thành, Bến Tre",,,"Cù lao nổi trên sông Tiền, có bảo tàng dừa, trại nuôi ong, di tích Đạo Dừa, trải nghiệm xuồng ba lá, đờn ca tài tử","https://s3-ap-southeast-1.amazonaws.com/cntatr-assets-ap-southeast-1-250226768838-55a62c9399d4d8a6/2025/05/canh-dep-ben-tre-4-1024x682.jpg?tr=q-70,c-at_max,w-1000,h-600",4.2/5.0,"""cù lao"", ""dừa"", ""sông Tiền"", ""miệt vườn""",~40.000đ người lớn / 20.000đ trẻ em (vé cổng); free nếu đặt tour trọn gói 4 cồn từ 95.000đ,4–6 giờ (thường kèm trong tour Mỹ Tho – Bến Tre),Quanh năm
Miền Nam,DEST_MN_85,Cồn Quỵ ,Bến Tre,"Giữa xã Tân Thạch và Quới Sơn, huyện Châu Thành, Bến Tre",,,"Cù lao nhỏ nhất trong ""tứ cồn"", nổi bật với vườn cây ăn trái trù phú, trải nghiệm tát mương bắt cá, mò cua bắt ốc kiểu nông dân miền Tây","https://s3-ap-southeast-1.amazonaws.com/cntatr-assets-ap-southeast-1-250226768838-55a62c9399d4d8a6/2025/05/canh-dep-ben-tre-5-1024x768.jpg?tr=q-70,c-at_max,w-1000,h-600",4.2/5.0,"""vườn trái cây"", ""sông nước"", ""trải nghiệm nông dân""","Thường đi theo tour trọn gói với các cồn khác, chi phí lồng trong tour",2–3 giờ,Tháng 6–8 (mùa trái cây chín rộ)
Miền Nam,DEST_MN_86,Chợ Nổi Cái Răng,Cần Thơ,"Sông Cần Thơ, phường Cái Răng, TP Cần Thơ",,,"Chợ nổi đầu mối trái cây – nông sản lớn nhất ĐBSCL, Di sản văn hóa phi vật thể quốc gia, ghe xuồng treo ""cây bẹo"" quảng cáo hàng hóa","https://s3-ap-southeast-1.amazonaws.com/cntatr-assets-ap-southeast-1-250226768838-55a62c9399d4d8a6/2025/05/canh-dep-can-tho-2-1024x683.png?tr=q-70,c-at_max,w-1000,h-600",4.3/5.0,"""chợ nổi"", ""sông nước"", ""trái cây"", ""di sản""",~100.000đ/khách (thuê tàu),2–3 giờ (sáng sớm),"Quanh năm, đẹp nhất 5h–7h30 sáng; mùa nước nổi (Tháng 9 - 11) hoặc mùa trái cây (Tháng 6 - 8)"
Miền Nam,DEST_MN_87,Bến Ninh Kiều,Cần Thơ,"P. Tân An, Q. Ninh Kiều, TP Cần Thơ",,,"Công viên bến sông biểu tượng của Cần Thơ, có tượng Bác Hồ, cầu đi bộ hình chữ S, phố đi bộ và chợ đêm","https://s3-ap-southeast-1.amazonaws.com/cntatr-assets-ap-southeast-1-250226768838-55a62c9399d4d8a6/2025/05/canh-dep-can-tho-4-1024x683.png?tr=q-70,c-at_max,w-1000,h-600",4.5/5.0,"cây"", ""di sản""""biểu tượng Cần Thơ"", ""công viên"", ""chợ đêm""",Miễn phí,1–2 giờ,"Quanh năm, đẹp nhất buổi tối"
Miền Nam,DEST_MN_88,Nhà Cổ Bình Thủy,Cần Thơ,"142/144 Bùi Hữu Nghĩa, Bình Thủy, TP Cần Thơ",,,"Biệt thự cổ ~150 năm giao thoa kiến trúc Đông-Tây của gia tộc họ Dương, còn lưu giữ nhiều cổ vật quý, từng là bối cảnh nhiều phim Việt","https://s3-ap-southeast-1.amazonaws.com/cntatr-assets-ap-southeast-1-250226768838-55a62c9399d4d8a6/2025/05/canh-dep-can-tho.webp?tr=q-70,c-at_max,w-1000,h-600",4.4/5.0,"""nhà cổ"", ""kiến trúc Pháp"", ""di sản""",15.000–20.000đ/người,30–45 phút,"Quanh năm, sáng sớm ánh nắng đẹp nhất"
Miền Nam,DEST_MN_89,Côn Đảo,Bà Rịa - Vũng Tàu,"Huyện Côn Đảo, Bà Rịa – Vũng Tàu",,,"Quần đảo có di tích lịch sử nhà tù, nghĩa trang Hàng Dương, thiên nhiên hoang sơ, bãi biển đẹp, rừng nguyên sinh",https://mia.vn/media/uploads/blog-du-lich/con-dao-bai-bien-1698597625.jpg,4.6/5.0,"""di tích lịch sử"", ""biển hoang sơ"", ""tâm linh""","Vé máy bay ~1,5–3 triệu; tham quan các điểm ~500.000–1.000.000đ",2–3 ngày,"Tháng 3–9 (biển êm, nắng đẹp)"
Miền Nam,DEST_MN_90,Chợ nổi Cà Mau,Cà Mau,"Sông Gành Hào, phường 8, TP Cà Mau",,,"Chợ họp trên sông từ khoảng 2-3h sáng, buôn bán nông sản, đặc sản trên ghe xuồng",https://giaydabonghana.com/upload/2026/02/cho-noi-ca-mau-18.webp,4.3/5.0,"""chợ nổi"", ""Gành Hào"", ""đặc sản miền Tây""",Miễn phí (chỉ tốn phí thuê ghe nếu muốn),2–3 giờ (sáng sớm),"Quanh năm, sáng sớm 3 giờ - 9 giờ"
Miền Nam,DEST_MN_91,Vườn Quốc Gia U Minh Hạ,Cà Mau,"Ấp Vồ Dơi, xã Trần Hợi, huyện Trần Văn Thời, Cà Mau",,,"Rừng tràm ngập nước trên đất than bùn, một trong 3 vùng lõi Khu dự trữ sinh quyển thế giới Mũi Cà Mau, đa dạng sinh học","https://s3-ap-southeast-1.amazonaws.com/cntatr-assets-ap-southeast-1-250226768838-55a62c9399d4d8a6/2024/09/ca-mau-thuoc-mien-nao-10.jpg?tr=q-70,c-at_max,w-1000,h-600",4.3/5.0,"""rừng tràm"", ""sinh quyển"", ""sinh thái""",10.000đ vé cổng; thuê vỏ lãi 300.000đ/chuyến,Nửa ngày,"Mùa khô (tháng 12 - 4), mùa hè câu cá đẹp"
Miền Nam,DEST_MN_92,Mũi Cà Mau,Cà Mau,"Huyện Ngọc Hiển, Cà Mau",,,"Điểm cực Nam đất liền Việt Nam, có cột mốc tọa độ GPS, tượng đài hình con tàu, Vọng Hải Đài ngắm toàn cảnh",https://mia.vn/media/uploads/blog-du-lich/kham-pha-khu-du-lich-mui-ca-mau-tai-vung-cuc-nam-to-quoc-1-1662715842.jpg,4.5/5.0,"""cực Nam"", ""cột mốc"", ""biểu tượng""","Có phí tham quan khu du lịch (không có số cụ thể, dao động theo dịch vụ)",Nửa ngày – 1 ngày,Mùa khô (tháng 11 - 4)
Miền Nam,DEST_MN_93,Thành Phố Rạch Giá,Kiên Giang,"TP Rạch Giá, Kiên Giang",,,"Thành phố biển duy nhất miền Tây giáp biển, có khu đô thị lấn biển, đền thờ Nguyễn Trung Trực, chùa Tam Bảo","https://s3-ap-southeast-1.amazonaws.com/cntatr-assets-ap-southeast-1-250226768838-55a62c9399d4d8a6/2025/05/canh-dep-kien-giang-8-1024x594.jpg?tr=q-70,c-at_max,w-1000,h-600",4.2/5.0,"""thành phố biển"", ""lấn biển"", ""di tích""","Tùy dịch vụ, không có vé vào cổng chung",1 ngày,Tháng 1–6
Miền Nam,DEST_MN_94,Thành phố Hà Tiên,Kiên Giang,"TP Hà Tiên, Kiên Giang (giáp Campuchia)",,,"Thành phố biên giới với núi, biển, hang động, ví như ""Vịnh Hạ Long thu nhỏ"", giao thoa văn hóa Việt-Hoa-Khmer","https://s3-ap-southeast-1.amazonaws.com/cntatr-assets-ap-southeast-1-250226768838-55a62c9399d4d8a6/2025/05/canh-dep-kien-giang-9-1024x614.jpg?tr=q-70,c-at_max,w-1000,h-600",4.3/5.0,"""biên giới"", ""núi biển"", ""đa văn hóa""","Phần lớn miễn phí, một số điểm 100.000-150.000đ",1–2 ngày,Tháng 10–3 (hoặc tháng 4 - 8 để tắm biển)
Miền Nam,DEST_MN_95,Đảo Phú Quốc,Kiên Giang/An Giang,"Đặc khu Phú Quốc, Kiên Giang/An Giang",,,"Đảo lớn nhất Việt Nam, nổi tiếng biển xanh cát trắng, các bãi biển, làng chài, vườn tiêu, VinWonders","https://s3-ap-southeast-1.amazonaws.com/cntatr-assets-ap-southeast-1-250226768838-55a62c9399d4d8a6/2025/05/canh-dep-kien-giang-1-1024x636.jpg?tr=q-70,c-at_max,w-1000,h-600",4.6/5.0,"""đảo ngọc"", ""biển đảo"", ""nghỉ dưỡng""","Nhiều điểm miễn phí (Bãi Sao, Bãi Dài…); tổng chi phí chuyến đi ~4-12 triệu/người",3–4 ngày,Tháng 11–4 (mùa khô)
Miền Nam,DEST_MN_96,Đảo Nam Du,Kiên Giang/An Giang,"Kiên Hải, Kiên Giang/An Giang",,,"Quần đảo 21 hòn đảo hoang sơ trong vịnh Thái Lan, biển trong xanh, ít khai thác du lịch","https://s3-ap-southeast-1.amazonaws.com/cntatr-assets-ap-southeast-1-250226768838-55a62c9399d4d8a6/2025/05/canh-dep-kien-giang-2-1024x650.jpg?tr=q-70,c-at_max,w-1000,h-600",4.5/5.0,"""quần đảo hoang sơ"", ""lặn biển""",Vé tàu cao tốc Rạch Giá–Nam Du ~205.000-250.000đ/lượt,2–3 ngày,"Tháng 12–3 (mùa khô, biển êm)"
Miền Nam,DEST_MN_97,Hòn Thơm,Kiên Giang,"Phía Nam đảo Phú Quốc, Tỉnh Kiên Giang",,,"Đảo nối với đảo chính bằng cáp treo vượt biển dài nhất thế giới (~8km), có công viên nước Aquatopia, làng Exotica","https://s3-ap-southeast-1.amazonaws.com/cntatr-assets-ap-southeast-1-250226768838-55a62c9399d4d8a6/2025/05/canh-dep-kien-giang-5-1024x576.jpg?tr=q-70,c-at_max,w-1000,h-600",4.7/5.0,"""cáp treo"", ""công viên nước"", ""An Thới""",~750.000–810.000đ/người lớn (khứ hồi),Nửa ngày – 1 ngày,Quanh năm
Miền Nam,DEST_MN_98,Thị trấn Hoàng Hôn - Sunset Town,Kiên Giang,"Phường An Thới, Nam đảo Phú Quốc",,,"Khu tổ hợp phong cách Địa Trung Hải, nổi bật Cầu Hôn, show diễn biển, ngắm hoàng hôn ấn tượng","https://s3-ap-southeast-1.amazonaws.com/cntatr-assets-ap-southeast-1-250226768838-55a62c9399d4d8a6/2025/05/canh-dep-kien-giang-15-1024x576.jpg?tr=q-70,c-at_max,w-1000,h-600",4.6/5.0,"""hoàng hôn"", ""Địa Trung Hải"", ""Cầu Hôn""",Miễn phí vào cổng (một số show/dịch vụ có phí riêng),Buổi chiều tối (ngắm hoàng hôn),"Quanh năm, đẹp nhất lúc hoàng hôn"
Miền Nam,DEST_MN_99,"Bãi Tắm Sao, Phú Quốc",Kiên Giang,"Ấp Bãi Sao, An Thới, Phú Quốc",,,"Bãi cát trắng mịn hình lưỡi liềm, biển lặng sóng do khuất gió Tây Nam, nổi tiếng với sao biển","https://s3-ap-southeast-1.amazonaws.com/cntatr-assets-ap-southeast-1-250226768838-55a62c9399d4d8a6/2025/05/nVUoSGYB-canh-dep-kien-giang-11-1024x683.jpg?tr=q-70,c-at_max,w-1000,h-600",4.4/5.0,"""bãi biển"", ""sao biển"", ""cát trắng""",Miễn phí,Nửa ngày,"nhất lúc hoàng hônTháng 6–10 (khuất gió, biển lặng)"
Miền Nam,DEST_MN_100,Bãi Dài,Kiên Giang,"Tây Bắc đảo Phú Quốc, từ mũi Gành Dầu đến Cửa Cạn",,,"Bờ biển dài 15km hoang sơ, từng được bình chọn là một trong những bãi biển đẹp nhất thế giới","https://s3-ap-southeast-1.amazonaws.com/cntatr-assets-ap-southeast-1-250226768838-55a62c9399d4d8a6/2025/05/DQsOJAfr-canh-dep-kien-giang-10-1024x576.jpg?tr=q-70,c-at_max,w-1000,h-600",4.5/5.0,"""bãi biển hoang sơ"", ""resort""",Miễn phí,Nửa ngày,Tháng 11–4 (mùa khô)