Miền,"STT
destination_id","Tên địa điểm
destination_name","Mã định danh khách sạn
hotel_id","Tên khách sạn, 
homestay hoặc resort
hotel_name","Địa chỉ cụ thể hoặc 
khu vực gần điểm tham quan
address","Mức giá trung bình 
mỗi đêm (Ví dụ: Dưới 500k, 
500k - 1.5 triệu, Trên 1.5 triệu
price_range","Điểm đánh giá 
chất lượng lưu trú
rating","Tiện ích nổi bật
tags / amenities","Hình ảnh minh họa
image_url"
Miền Bắc,DEST_MB_01,Vịnh Hạ Long,HOTEL_MB_01,Vinpearl Resort & Spa Hạ Long,"Đảo Rều, Bãi Cháy, Hạ Long, Quảng Ninh",Trên 2.5 triệu / đêm,4.8/5,"""resort đảo"", ""view biển 360 độ"", ""hồ bơi lớn"", ""sang trọng""","https://ik.imagekit.io/tvlk/apr-asset/dgXfoyh24ryQLRcGq00cIdKHRmotrWLNlvG-TxlcLxGkiDwaUSggleJNPRgIHCX6/hotel/asset/20000164-b6ad821da7334ff499d16401e3623b11.jpeg?_src=imagekit&tr=dpr-2,c-at_max,h-360,q-80,w-640"
Miền Bắc,DEST_MB_01,Vịnh Hạ Long,HOTEL_MB_02,Mường Thanh Luxury Hạ Long Centre,"Đường Hạ Long, Phường Bãi Cháy, Hạ Long, Quảng Ninh",1.2 - 2.5 triệu / đêm,4.6/5,"""gần biển"", ""trung tâm Bãi Cháy"", ""có hồ bơi vô cực"", ""phòng họp/tiệc""",https://cf.bstatic.com/xdata/images/hotel/max1024x768/372157989.jpg?k=3dee409a833f6d6ae6afff06ec3f82409db893d64106cbe843e33844d7e97b20&o=
Miền Bắc,DEST_MB_01,Vịnh Hạ Long,HOTEL_MB_03,Orent House Homestay Hạ Long,"Khu đô thị Ao Cá, Phường Bãi Cháy, Hạ Long, Quảng Ninh",Dưới 600k / đêm,4.5/5,"""homestay"", ""ấm cúng"", ""phù hợp nhóm bạn"", ""giá rẻ""",
Miền Bắc,DEST_MB_02,Khu phố cổ Hà Nội,HOTEL_MB_04,Sofitel Legend Metropole Hanoi,"15 Phố Ngô Quyền, Phường Tràng Tiền, Quận Hoàn Kiếm, Thành phố Hà Nội",Trên 2.5 triệu / đêm,4.7/5,"""khách sạn 5 sao"", ""kiến trúc Pháp cổ"", ""gần Hồ Hoàn Kiếm"", ""hồ bơi ngoài trời"", ""spa sang trọng""",https://www.google.com/search?q=https://cf.bstatic.com/xdata/images/hotel/max1024x768/484724810.jpg
Miền Bắc,DEST_MB_02,Khu phố cổ Hà Nội,HOTEL_MB_05,JM Marvel Hotel & Spa,"16 Phố Hàng Da, Phường Cửa Đông, Quận Hoàn Kiếm, Thành phố Hà Nội",1.0 - 2.0 triệu / đêm,4.8/5,"""trung tâm Phố Cổ"", ""bữa sáng miễn phí"", ""quầy bar tầng thượng"", ""dịch vụ spa"", ""phòng sang trọng""",https://www.google.com/search?q=https://cf.bstatic.com/xdata/images/hotel/max1024x768/115598585.jpg
Miền Bắc,DEST_MB_02,Khu phố cổ Hà Nội,HOTEL_MB_09,Old Quarter View Hanoi Hostel,"42 Phố Hàng Bè, Phường Hàng Bạc, Quận Hoàn Kiếm, Thành phố Hà Nội",Dưới 600k / đêm,4.8/5,"""hostel bình dân"", ""trung tâm Phố Cổ"", ""gần chợ đêm"", ""phòng ký túc & phòng riêng"", ""ấm cúng""",https://www.google.com/search?q=https://cf.bstatic.com/xdata/images/hotel/max1024x768/182512967.jpg
Miền Bắc,DEST_MB_03,Nhà tù Hỏa Lò,HOTEL_MB_10,Meliá Hanoi,"44B Phố Lý Thường Kiệt, Phường Cửa Nam, Quận Hoàn Kiếm, Thành phố Hà Nội",Trên 2.5 triệu / đêm,4.7/5,"""khách sạn 5 sao"", ""cách Hỏa Lò 200m"", ""hồ bơi ngoài trời"", ""trung tâm thể thao"", ""nhà hàng cao cấp""",https://www.google.com/search?q=https://cf.bstatic.com/xdata/images/hotel/max1024x768/38898160.jpg
Miền Bắc,DEST_MB_03,Nhà tù Hỏa Lò,HOTEL_MB_11,Mercure Hanoi La Gare,"94 Phố Lý Thường Kiệt, Phường Cửa Nam, Quận Hoàn Kiếm, Thành phố Hà Nội",1.2 - 2.5 triệu / đêm,4.5/5,"""khách sạn 4 sao"", ""gần Ga Hà Nội & Hỏa Lò"", ""phòng tập gym"", ""nhà hàng sân vườn"", ""phong cách hiện đại""",https://www.google.com/search?q=https://cf.bstatic.com/xdata/images/hotel/max1024x768/372157989.jpg
Miền Bắc,DEST_MB_03,Nhà tù Hỏa Lò,HOTEL_MB_11,Hanoi Eternity Hotel,"32 Phố Yết Kiêu, Phường Cửa Nam, Quận Hoàn Kiếm, Thành phố Hà Nội",Dưới 1 triệu / đêm,4.4/5,"""khách sạn 3 sao"", ""gần Nhà tù Hỏa Lò"", ""ấm cúng"", ""bữa sáng miễn phí"", ""giá hợp lý""",https://www.google.com/search?q=https://cf.bstatic.com/xdata/images/hotel/max1024x768/88350175.jpg
Miền Bắc,DEST_MB_04,Văn Miếu - Quốc Tử Giám,HOTEL_MB_12,Hanoi Pearl Hotel,"6 Báo Khánh, Hoàn Kiếm, Hà Nội",1.000.000đ - 2.000.000đ/đêm,,"""gần trung tâm"", ""spa"", ""phòng tập gym"", ""bồn tắm nằm""",
Miền Bắc,DEST_MB_04,Văn Miếu - Quốc Tử Giám,HOTEL_MB_13,The Chi Hotel & Suites,"13 Đ. Điện Biên Phủ, Ba Đình, Hà Nội",1.200.000đ - 2.500.000đ/đêm,,"""phòng sang trọng"", ""view phố cổ"", ""nhà hàng cao cấp"", ""dịch vụ đưa đón""",
Miền Bắc,DEST_MB_05,Hồ Hoàn Kiếm,HOTEL_MB_14,Apricot Hotel,"135 Hàng Trống, Hoàn Kiếm, Hà Nội",3.500.000đ - 7.000.000đ/đêm,,"""khách sạn 5 sao"", ""hồ bơi vô cực trên tầng thượng"", ""phong cách nghệ thuật cổ điển""",
Miền Bắc,DEST_MB_05,Hồ Hoàn Kiếm,HOTEL_MB_15,Lotte Hotel Hanoi,"54 Liễu Giai, Ba Đình, Hà Nội",3.000.000đ - 6.000.000đ/đêm,,"""đẳng cấp 5 sao"", ""quầy bar"", ""hồ bơi trong nhà""",
Miền Bắc,DEST_MB_06,Lăng Chủ Tịch Hồ Chí Minh,HOTEL_MB_16,Pan Pacific Hanoi,"1 Thanh Niên, Ba Đình, Hà Nội",2.500.000đ - 5.000.000đ/đêm,,"""view Hồ Tây và Hồ Trúc Bạch tuyệt đẹp"", ""hồ bơi bốn mùa"", ""bar tầng thượng""",
Miền Bắc,DEST_MB_06,Lăng Chủ Tịch Hồ Chí Minh,HOTEL_MB_17,Somerset Grand Hanoi,"49 Hai Bà Trưng, Hoàn Kiếm, Hà Nội",2.200.000đ - 4.500.000đ/đêm,,"""căn hộ khách sạn cao cấp"", ""sân tennis"", ""bể bơi ngoài trời""",
Miền Bắc,DEST_MB_07,Chùa Một Cột,HOTEL_MB_18,De Syloia Hotel,"17A Trần Hưng Đạo, Hoàn Kiếm, Hà Nội",1.200.000đ - 2.200.000đ/đêm,,"""Kiến trúc Pháp cổ"", ""không gian ấm cúng"", ""gần các điểm di tích""",
Miền Bắc,DEST_MB_07,Chùa Một Cột,HOTEL_MB_19,Hanoi Daewoo Hotel,"360 Kim Mã, Ba Đình, Hà Nội",2.200.000đ - 4.500.000đ/đêm,,"""hồ bơi ngoài trời lớn nhất thủ đô"", ""sân vườn rộng"", ""nhiều nhà hàng Âu - Á""",
Miền Bắc,DEST_MB_08,Quần Thể Chùa Hương,HOTEL_MB_20,Yên Phụ Hotel,"Khu vực thị trấn Đại Nghĩa, Mỹ Đức, Hà Nội",500.000đ - 1.000.000đ/đêm,,"""khách sạn bình dân"", ""sạch sẽ"", ""thuận tiện di chuyển vào khi di tích""",
Miền Bắc,,,HOTEL_MB_21,Mio Hotel Chùa Hương,"Xã Hương Sơn, Mỹ Đức, Hà Nội",400.000đ - 800.000đ/đêm,,"""gần bến đò suối Yến"", ""phòng nghỉ gọn gàng""",
Miền Bắc,DEST_MB_09,"Tràng An, Ninh Bình",HOTEL_MB_22,The Reed Hotel,"Dốc Đại Hoàng, Phố 1, TP. Ninh Bình",1.200.000đ - 2.500.000đ/đêm,,"""khách sạn 4 sao chuẩn quốc tế"", ""hồ bơi ngoài trời"", ""trung tâm hội nghị""",
Miền Bắc,,,HOTEL_MB_23,Tam Coc Garden Resort,"Hải Vân, Ninh Hải, Hoa Lư, Ninh Bình",3.500.000đ - 7.000.000đ/đêm,,"""khu nghỉ dưỡng sinh thái đồng quê"", ""hồ bơi view đồng lúa"", spa cao cấp""",
Miền Bắc,DEST_MB_10, Núi Đồi Bù,HOTEL_MB_24,Asean Resort & Spa,"Hòa Lạc, Thạch Thất, Hà Nội - cách Đồi Bù không xa",1.500.000đ - 3.000.000đ/đêm,,"""sân golf"", ""trượt cỏ"", ""hồ bơi khoáng nóng""",
Miền Bắc,,,HOTEL_MB_25,Thảo Viên Resort,"Trung Sơn Trầm, Sơn Tây, Hà Nội",1.800.000đ - 3.500.000đ/đêm,,"""không gian xanh mát"", ""bể bơi khoáng nóng trong nhà"", ""dịch vụ spa""",
Miền Bắc,DEST_MB_11,Chùa Tam Chúc,HOTEL_MB_26,Mường Thanh Luxury Hà Nam,"Biên Hòa, Phủ Lý, Hà Nam",1.000.000đ - 2.200.000đ/đêm,,"""khách sạn 5 sao"", ""hồ bơi ngoài trời"", ""spa"", ""phòng gym""",
Miền Bắc,,,HOTEL_MB_27,Inco 519 Hotel,"KCN Đồng Văn, Duy Tiên, Hà Nam",700.000đ - 1.500.000đ/đêm,,"""phòng sạch sẽ"", ""tiện nghi hiện đại"", ""phục vụ khách du lịch và công tác"" ",
Miền Bắc,DEST_MB_12,Làng Gốm Bát Tràng,HOTEL_MB_28,Oyo 1146 Vesta Hotel,"Khu đô thị Ecopark, Văn Giang, Hưng Yên ",500.000đ - 1.000.000đ/đêm,,"""tiện nghi cơ bản"", ""không gian thoáng đãng"", ""khu đô thị xanh""",
Miền Bắc,,,HOTEL_MB_29,Ecogarden Homestay Ecopark,"Ecopark, Văn Giang",600.000đ - 1.200.000đ/đêm,,"""căn hộ view công viên"", ""khu vực nấu nướng riêng""",
Miền Bắc,DEST_MB_13,Vườn Quốc Gia Ba Vì,HOTEL_MB_30,Melia Ba Vì Mountain Resort,"Vườn Quốc gia Ba Vì, Hà Nội",3.000.000đ - 7.000.000đ/đêm,,"""resort 5 sao"", ""rừng nguyên sinh"", ""spa cao cấp""",
Miền Bắc,,,HOTEL_MB_31,Ba Vì Homestead,"Xã Vân Hòa, Ba Vì, Hà Nội",800.000đ - 1.800.000đ/đêm,,"""mô hình nông trại nghỉ dưỡng"", ""trải nghiệm hắt sữa bò"", ""không gian yên tĩnh""",
Miền Bắc,DEST_MB_14,Thiên Sơn – Suối Ngà,HOTEL_MB_32,Thiên Sơn Suối Ngà Resort,"Xã Vân Hòa, Ba Vì, Hà Nội",800.000đ - 2.000.000đ/đêm,,"""nghỉ dưỡng"", ""du lịch"", ""view thác nước"", ""hồ bơi""",
Miền Bắc,,,HOTEL_MB_33,Familia Ba Vì Resort ,"Xã Vân Hòa, Ba Vì, Hà Nội",1.000.000đ - 2.200.000đ/đêm,,"""dã ngoại"", ""gia đình"", ""hồ bơi""",
Miền Bắc,DEST_MB_15,Thành Cổ Loa,HOTEL_MB_34,Cổ Loa Princess Hotel,"Đông Anh, Hà Nội",500.000đ - 1.000.000đ/đêm,,"""khách sạn"", ""tiện nghi"", ""di tích lịch sử""",
Miền Bắc,,,HOTEL_MB_35,Intimex Cổ Loa Hotel,"Đông Anh, Hà Nội",600.000đ - 1.200.000đ/đêm,,"""sạch sẽ"", ""dịch vụ"", ""thân thiện""",
Miền Bắc,DEST_MB_16,Sapa – Lào Cai,HOTEL_MB_36,Hotel de la Coup - MGallery,"1 Hoàng Liên, Sapa, Lào Cai",3.500.000đ - 8.000.000đ/đêm,,"""khách sạn 5 sao"", ""view núi"", ""phong cách Pháp""",
Miền Bắc,,,HOTEL_MB_37,Pao's Sapa Leisure Hotel,"Mường Hoa, Sapa, Lào Cai",2.000.000đ - 4.500.000đ/đêm,,"""kiến trúc độc đáo"", ""spa"", ""bể bơi vô cực""",
Miền Bắc,DEST_MB_17,Mộc Châu – Sơn La,HOTEL_MB_38,Mộc Châu Arena Village,"Tiểu khu Chiềng Đi, thị trấn Nông trường Mộc Châu",800.000đ - 2.000.000đ/đêm,,"""nhà bungalow container độc đáo"", ""đồi chè"", ""trải nghiệm hái chè""",
Miền Bắc,,,HOTEL_MB_39,Le Chalet Moc Chau,"Tiểu khu 34, thị trấn Mộc Châu",1.000.000đ - 2.500.000đ/đêm ,,"""nhà gỗ"", ""phong cách Thụy Sĩ"", ""sân vườn"", ""ấm cúng""",
Miền Bắc,DEST_MB_18,Đảo Cát Bà,HOTEL_MB_40,Flamingo Cát Bà Beach Resorts,"Bãi tắm Cát Cò 1 & 2, Cát Bà, Hải Phòng",2.500.000đ - 6.000.000đ/đêm,,"""resort 5 sao"", ""xanh mát"", ""hồ bơi"", ""sky bar""",
Miền Bắc,,,HOTEL_MB_41,Cat Ba Island Resort & Spa,"Bãi tắm Cát Cò 1, Cát Bà",1.500.000đ - 3.500.000đ/đêm,,"""kiến trúc Pháp cổ"", ""công viên nước"", ""spa"", ""hiện đại""",
Miền Bắc,DEST_MB_19,Grand World,HOTEL_MB_42,Grand World Apartment Homestay,"KĐT Vinhomes Ocean Park 2, Văn Giang, Hưng Yên",600.000đ - 1.500.000đ/đêm,,"""căn hộ"", ""phong cách Ý"", ""tiện nghi"", ""view kênh đào Venice""",
Miền Bắc,,,HOTEL_MB_43,Oceana Homestay Ocean Park,"Vinhomes Ocean Park, Hưng Yên",500.000đ - 1.200.000đ/đêm,,"""gần biển"", ""bể bơi"", ""khu vui chơi""",
Miền Bắc,DEST_MB_20,Khám phá Sông Hồng,HOTEL_MB_44,Sofitel Legend Metropole Hanoi,"15 Ngô Quyền, Hoàn Kiếm, Hà Nội",5.000.000đ - 12.000.000đ/đêm,,"""khách sạn di sản"", ""5 sao"", ""sang trọng"", ""hồ bơi"", ""ngoài trời"", ""du thuyền"", ""cao cấp""",
Miền Bắc,,,HOTEL_MB_45,Capella Hanoi,"11 Lê Phụng Hiểu, Quận Hoàn Kiếm, Hà Nội",6.000.000đ - 15.000.000đ/đêm,,"""nghệ thuật Opera độc bản"", ""nhà hàng sao Michelin""",
Miền Bắc,DEST_MB_21,Cột cờ Lũng Cú,HOTEL_MB_46,Lũng Cú Homestay,"Thôn Lô Lô Chải, Xã Lũng Cú, Huyện Đồng Văn, Tỉnh Hà Giang (ngay chân Cột cờ Lũng Cú)",Dưới 500k (250.000đ - 450.000đ / đêm),4.9/5,"""view nhìn ra Cột cờ"", ""trải nghiệm văn hóa Lô Lô"", ""đốt lửa trại"", ""phục vụ ăn uống bản địa"", ""wifi miễn phí""",https://ohdidi.vn/uploads/static/HOMES/ha-giang/lung-cu/homestay_lung_cu_8.jpg
Miền Bắc,,,HOTEL_MB_47,Cực Bắc Cafe & Homestay,"Thôn Lô Lô Chải, Xã Lũng Cú, Huyện Đồng Văn, Tỉnh Hà Giang",Dưới 500k,4.8/5,"""quán cà phê không gian cổ"", ""kiến trúc trình tường truyền thống"", ""sân vườn trà đá"", ""sưởi ấm mùa đông""",https://tse2.mm.bing.net/th/id/OIP.inJfoXBo3n-MLsjTccxjVAHaEK?r=0&rs=1&pid=ImgDetMain&o=7&rm=3
Miền Bắc,DEST_MB_22,Thác Bản Giốc,HOTEL_MB_48,Sài Gòn - Bản Giốc Resort,"Xã Đàm Thủy, Huyện Trùng Khánh, Tỉnh Cao Bằng (cách Thác Bản Giốc 500m)",500k - 1.5 triệu,3.9/5,"""view hướng thác"", ""nhà hàng ẩm thực vùng cao"", ""khuôn viên rộng rãi"", ""phòng bungalow gỗ""",https://cf.bstatic.com/xdata/images/hotel/max1024x768/277716016.jpg?k=ee8ac5d790fd6c20aa98bbea2cb580257593e2406d113257a55fac79054990e6&o=&hp=1
Miền Bắc,,,HOTEL_MB_49,Yến Nhi Bản Giốc Homestay,"Làng đá cổ Khuổi Ky, Xã Đàm Thủy, Huyện Trùng Khánh, Tỉnh Cao Bằng",Dưới 500k,4.6/5,"""nhà sàn đá cổ truyền thống"", ""trải nghiệm văn hóa Tày"", ""cho thuê xe máy"", ""phục vụ cơm gia đình""",https://cf.bstatic.com/xdata/images/hotel/max1024x768/621108781.jpg?k=aec7a7cb1f748eb9c426a9a2bf89bfefb7dc27749f29cafd81a8c09e32c284ad&o=
Miền Trung,DEST_MT_23,Bà Nà Hills,HOTEL_MT_50,Mercure Danang French Village Bana Hills,"Quần thể du lịch Sun World Bà Nà Hills, Xã Hòa Ninh, Huyện Hòa Vàng, TP. Đà Nẵng (nằm đỉnh Bà Nà)",Trên 1.5 triệu,4.4/5,"""nằm ngay đỉnh Bà Nà"", ""kiến trúc Pháp cổ kính"", ""hồ bơi nước nóng Four Seasons"", ""xem Cầu Vàng sớm không đông người""",https://www.ahstatic.com/photos/8488_ho_01_p_1024x768.jpg
Miền Trung,,,HOTEL_MT_51,Ebisu Onsen Resort,"Công viên Bãi Biển Khoáng Nóng Núi Thần Tài, Xã Hòa Phú, Huyện Hòa Vàng, TP. Đà Nẵng (gần chân núi Bà Nà)",500k - 1.5 triệu,4.5/5,"""tắm khoáng nóng Onsen"", ""view núi rừng thiên nhiên"", ""công viên nước"", ""phù hợp nghỉ dưỡng gia đình""",https://pix8.agoda.net/hotelImages/1603072/-1/bd75d13adb04a95b4d6820e7b29c0484.jpg
Miền Trung,DEST_MT_24,Cù Lao Chàm,HOTEL_MT_52,Sunbay Homestay Cù Lao Chàm,"Bãi Làng, Xã Tân Hiệp, TP. Hội An, Tỉnh Quảng Nam (gần cầu cảng Cù Lao Chàm)",Dưới 500k,4.7/5,"""view biển Bãi Làng"", ""cho thuê xe máy đảo"", ""hỗ trợ đặt tour lặn ngắm san hô"", ""phục vụ hải sản tươi""",https://motogo.vn/wp-content/uploads/2023/05/homestay-cu-lao-cham-39.jpg
Miền Trung,,,HOTEL_MT_53,Trang Vũ Homestay Cù Lao Chàm,"Bãi Ông, Xã Tân Hiệp, TP. Hội An, Tỉnh Quảng Nam",Dưới 500k,4.6/5,"""gần bãi tắm Bãi Ông"", ""sân vườn rộng rãi"", ""không khí gia đình ấm cúng"", ""đón khách tận cầu cảng""",https://culaochamtour.com/wp-content/uploads/2024/06/cu-lao-cham-homestay.jpeg
Miền Trung,DEST_MT_25,Ngũ Hành Sơn,HOTEL_MT_54,Hyatt Regency Danang Resort and Spa,"Số 5 Trường Sa, Phường Hòa Hải, Quận Ngũ Hành Sơn, TP. Đà Nẵng (cách Ngũ Hành Sơn 1km)",Trên 1.5 triệu,4.6/5,"""resort sát biển"", ""hồ bơi lớn ngoài trời"", ""spa trị liệu"", ""sân quần vợt"", ""khu vui chơi trẻ em Camp Hyatt""",https://tse4.mm.bing.net/th/id/OIP.6ttBCgv9IuUrXS8uPGFFBwHaEK?r=0&rs=1&pid=ImgDetMain&o=7&rm=3
Miền Trung,,,HOTEL_MT_55,Melia Danang Beach Resort,"Số 19 Trường Sa, Phường Hòa Hải, Quận Ngũ Hành Sơn, TP. Đà Nẵng (sát chân núi Ngũ Hành Sơn)",Trên 1.5 triệu,4.5/5,"""bãi biển riêng Non Nước"", ""hồ bơi vô cực"", ""nhà hàng hải sản"", ""phòng gym & spa""",https://dynamic-media-cdn.tripadvisor.com/media/photo-o/2a/f5/2b/11/caption.jpg?w=700&h=-1&s=1
Miền Trung,DEST_MT_26,Bán đảo Sơn Trà,HOTEL_MT_56,Four Points by Sheraton Danang,"118-120 Đường Võ Nguyên Giáp, Phường Phước Mỹ, Quận Sơn Trà, TP. Đà Nẵng (mặt biển Mỹ Khê)",Trên 1.5 triệu,4.4/5,"""view biển Mỹ Khê"", ""hồ bơi ngoài trời tầng thượng"", ""quán bar rooftop"", ""phòng gym & spa"", ""nhà hàng cao cấp""",https://pix10.agoda.net/hotelImages/4974064/-1/e9547dd6175a8d858a5cb618a99e02e3.jpg?ca=0&ce=1&s=1024x768
Miền Trung,,,HOTEL_MT_57,Sala Danang Beach Hotel,"36-38 Lâm Hoành, Phường Phước Mỹ, Quận Sơn Trà, TP. Đà Nẵng (sát bãi biển Mỹ Khê)",500k - 1.5 triệu,4.7/5,"""hồ bơi vô cực tầng thượng"", ""view biển trực diện"", ""spa nhìn ra biển"", ""gần bãi tắm"", ""phục vụ ăn sáng buffet""",https://q-xx.bstatic.com/xdata/images/hotel/max1024x768/197441563.jpg?k=bd718e7c66693cac140afee74c6fda33ccd3e941a9c1838763b57b897c746c23&o=
Miền Trung,DEST_MT_27,Đèo Hải Vân,HOTEL_MT_58,Mikazuki Japanese Resorts & Spa,"Khu du lịch Xuân Thiều, Đường Nguyễn Tất Thành, Quận Liên Chiểu, TP. Đà Nẵng (dưới chân Đèo Hải Vân)",Trên 1.5 triệu,4.6/5,"""công viên nước trong nhà 365"", ""tắm khoáng nóng Onsen Chuẩn Nhật"", ""view vịnh Đà Nẵng"", ""hồ bơi vô cực""",https://tse1.mm.bing.net/th/id/OIP.Kn_k2NexTSxprPAKfwH8NAHaFF?r=0&rs=1&pid=ImgDetMain&o=7&rm=3
Miền Trung,,,HOTEL_MT_59,Hải Vân Homestay,"Trục đường Nguyễn Văn Cừ, Phường Hòa Hiệp Bắc, Quận Liên Chiểu, TP. Đà Nẵng (lối lên Đèo Hải Vân)",Dưới 500k,4.4/5,"""view núi rừng"", ""gần chân đèo"", ""sân vườn ngắm cảnh"", ""cho thuê xe máy chinh phục đèo""",https://th.bing.com/th/id/OIP.gil48sfXpVx87e7VEtxbCQHaEu?r=0&o=7rm=3&rs=1&pid=ImgDetMain&o=7&rm=3
Miền Trung,DEST_MT_28,Bãi biển Mỹ Khê,HOTEL_MT_60,Four Points by Sheraton Danang,"118-120 Đường Võ Nguyên Giáp, Phường Phước Mỹ, Quận Sơn Trà, TP. Đà Nẵng",,4.4/5,"view biển Mỹ Khê"", ""hồ bơi ngoài trời tầng thượng"", ""quán bar rooftop"", ""phòng gym & spa"", ""nhà hàng cao cấp""",https://cache.marriott.com/marriottassets/marriott/DADFP/dadfp-exterior-6340-hor-clsc.jpg
Miền Trung,,,HOTEL_MT_61,Sala Danang Beach Hotel,"6-38 Lâm Hoành, Phường Phước Mỹ, Quận Sơn Trà, TP. Đà Nẵng",500k - 1.5 triệu,4.7/5,"""hồ bơi vô cực tầng thượng"", ""view biển trực diện"", ""spa nhìn ra biển"", ""gần bãi tắm"", ""phục vụ ăn sáng buffet""",https://media.mia.vn/uploads/blog-du-lich/sala-danang-beach-hotel-noi-nghi-duong-ly-tuong-giua-long-pho-bien-2-1654825842.jpg
Miền Trung,DEST_MT_29,Bãi biển Tiên Sa,HOTEL_MT_62,Navy Hotel Danang,"Số 3A Yết Kiêu, Phường Thọ Quang, Quận Sơn Trà, TP. Đà Nẵng (gần bãi biển Tiên Sa)",500k - 1.5 triệu,3.9/5,"""gần bãi biển Tiên Sa"", ""phòng hội nghị"", ""nhà hàng ẩm thực"", ""bãi đỗ xe rộng rãi"", ""phù hợp đoàn đông""",https://tse3.mm.bing.net/th/id/OIP.cmTr5n4DQ_s2yaKaLHGSrwHaEu?r=0&rs=1&pid=ImgDetMain&o=7&rm=3
Miền Trung,,,HOTEL_MT_63,Tien Sa Retreat Da Nang,"Số 01 Yết Kiêu, Phường Thọ Quang, Quận Sơn Trà, TP. Đà Nẵng (khu vực bãi biển Tiên Sa)",500k - 1.5 triệu,3.9/5,"""khu nghỉ dưỡng hướng biển"", ""không gian yên tĩnh"", ""bãi tắm riêng"", ""sân vườn ngắm cảnh""",https://media-cdn.tripadvisor.com/media/photo-s/18/9d/2f/9e/day-la-nh-v-can-bungalow.jpg
Miền Trung,DEST_MT_30,Cầu Rồng,HOTEL_MT_64,Vanda Hotel,"Số 03 Nguyễn Văn Linh, Phường Bình Hiên, Quận Hải Châu, TP. Đà Nẵng (ngay đầu Cầu Rồng)",500k - 1.5 triệu,4.4/5,"""ngay sát Cầu Rồng"", ""view trực diện sông Hàn"", ""hồ bơi ngoài trời"", ""nhà hàng buffet"", ""quán bar rooftop""",https://tse2.mm.bing.net/th/id/OIP.D8BwpIEU6mUvU-Z_pqtxawHaFF?r=0&rs=1&pid=ImgDetMain&o=7&rm=3
Miền Trung,,,HOTEL_MT_65,Val Soleil Hotel,"Số 186 Trần Phú, Phường Phước Ninh, Quận Hải Châu, TP. Đà Nẵng (cách Cầu Rồng 100m)",500k - 1.5 triệu,4.5/5,"""hồ bơi sân thượng view Cầu Rồng"", ""gần Chợ Hàn"", ""phòng gym & spa"", ""nhà hàng sang trọng"", ""xem Rồng phun lửa từ rooftop""",https://tse1.mm.bing.net/th/id/OIP.9C0lMmQMPAOqe8GcKaySPAHaFj?r=0&rs=1&pid=ImgDetMain&o=7&rm=3
Miền Trung,DEST_MT_31,Cầu Tình Yêu Đà Nẵng,HOTEL_MT_66,Meliá Vinpearl Danang Riverfront,"Số 341 Đường Trần Hưng Đạo, Phường An Hải Bắc, Quận Sơn Trà, TP. Đà Nẵng (cách Cầu Tình Yêu 500m)",Trên 1.5 triệu,4.9/5,"""view trực diện sông Hàn và Cầu Tình Yêu"", ""hồ bơi vô cực ngắm Cầu Rồng"", ""nhà hàng cao cấp"", ""phòng gym & spa"", ""gần cầu cảng DHC""",https://ticotravel.com.vn/wp-content/uploads/2022/04/Vinpearl-Condotel-Riverfront-Da-Nang-2.jpeg
Miền Trung,,,HOTEL_MT_67,HAIAN Riverfront Hotel Da Nang,"Số 182 Đường Bạch Đằng, Phường Phước Ninh, Quận Hải Châu, TP. Đà Nẵng (đối diện Cầu Tình Yêu qua sông Hàn)",500k - 1.5 triệu,4.3/5,"""mặt tiền đường Bạch Đằng"", ""view toàn cảnh Cầu Tình Yêu & Cầu Rồng"", ""hồ bơi trong nhà"", ""quán bar rooftop"", ""trung tâm thành phố""",https://i.travelapi.com/hotels/54000000/53930000/53927100/53927018/0f244ab4_z.jpg
Miền Trung,DEST_MT_32,Đại Nội Huế,HOTEL_MT_68,Silk Path Grand Huế Hotel & Spa,"Số 02 Lê Lợi, Phường Vĩnh Ninh, TP. Huế, Tỉnh Thừa Thiên Huế (cách Đại Nội 1.5km)",Trên 1.5 triệu,4.7/5,"""kiến trúc Cung đình pha Pháp cổ"", ""hồ bơi ngoài trời"", ""spa & massage"", ""nhà hàng ẩm thực Cung đình"", ""gần ga Huế""",https://th.bing.com/th/id/OIP.mRS7iZjFsjnTyKxrhWMBbQHaE7?r=0&o=7rm=3&rs=1&pid=ImgDetMain&o=7&rm=3
Miền Trung,,,HOTEL_MT_69,Spoken House Homestay,"Số 12 kiệt 6 Trịnh Công Sơn, Phường Phú Hậu, TP. Huế, Tỉnh Thừa Thiên Huế (gần khu vực Thành nội)",Dưới 500k,4.8/5,"""không gian yên tĩnh"", ""gần bờ sông Hương"", ""cho thuê xe đạp miễn phí"", ""chủ nhà thân thiện"", ""phòng phong cách tối giản""",
Miền Trung,DEST_MT_33,Sông Hương,HOTEL_MT_70,Azerai La Residence Huế,"Số 05 Lê Lợi, Phường Vĩnh Ninh, TP. Huế, Tỉnh Thừa Thiên Huế (sát bờ sông Hương)",Trên 1.5 triệu,4.6/5,"""view trực diện sông Hương"", ""kiến trúc Art Deco cổ kính"", ""hồ bơi ngoài trời sát sông"", ""spa cao cấp"", ""bến thuyền riêng""",https://azerai.com/wp-content/uploads/2023/11/AZLRH-Overview-Fountain-scaled-1.jpg
Miền Trung,,,HOTEL_MT_71,Century Riverside Hotel Huế,"Số 49 Lê Lợi, Phường Phú Hội, TP. Huế, Tỉnh Thừa Thiên Huế (nằm bên bờ sông Hương)",500k - 1.5 triệu,4.2/5,"""khuôn viên bờ sông rộng rãi"", ""hồ bơi ngoài trời"", ""nhà hàng du thuyền"", ""gần cầu Tràng Tiền"", ""trung tâm phố tây""",https://tse4.mm.bing.net/th/id/OIP.ago0bY-or7KH3U7pZlJW9gHaDt?r=0&rs=1&pid=ImgDetMain&o=7&rm=3
Miền Trung,DEST_MT_34,Cầu Tràng Tiền,HOTEL_MT_72,Saigon Morin Hotel Huế,"Số 30 Lê Lợi, Phường Phú Hội, TP. Huế, Tỉnh Thừa Thiên Huế (ngay chân Cầu Tràng Tiền)",Trên 1.5 triệu,4.3/5,"""khách sạn cổ kính nhất Huế"", ""view trực diện Cầu Tràng Tiền"", ""hồ bơi ngoài trời"", ""sân vườn không gian Pháp"", ""trung tâm thành phố""",https://th.bing.com/th/id/R.df7e2e1422229919f07b5c903b44cbcb?rik=qmm5GagH3cCFMA&pid=ImgRaw&r=0
Miền Trung,,,HOTEL_MT_73,Moonlight Hotel Huế,"Số 20 Phạm Ngũ Lão, Phường Phú Hội, TP. Huế, Tỉnh Thừa Thiên Huế (cách Cầu Tràng Tiền 300m)",500k - 1.5 triệu,4.4/5,"""rooftop bar view Cầu Tràng Tiền"", ""hồ bơi trong nhà"", ""gần phố đi bộ Huế"", ""spa & sauna"", ""phục vụ ăn sáng buffet""",https://www.anywhere.com/img-a/hotel/moonlight-hotel-hue-vietnam/moonlight-hotel-1-jpg?q=85&w=550
Miền Trung,DEST_MT_35,Vịnh Lăng Cô,HOTEL_MT_74,Banyan Tree Lăng Cô,"Thôn Cảnh Dương, Xã Lộc Vĩnh, Huyện Phú Lộc, Tỉnh Thừa Thiên Huế (khu vực Vịnh Lăng Cô)",Trên 1.5 triệu,5.0/5,"""biệt thự hồ bơi riêng"", ""sân golf 18 lỗ Lagūna"", ""spa chăm sóc sức khỏe"", ""bãi biển riêng tịnh dưỡng"", ""ẩm thực cao cấp""",https://www.vietnambooking.com/wp-content/uploads/2020/12/banyan-tree-lang-co-hue-resort.jpg
Miền Trung,,,HOTEL_MT_75,Angsana Lăng Cô,"Thôn Cảnh Dương, Xã Lộc Vĩnh, Huyện Phú Lộc, Tỉnh Thừa Thiên Huế",Trên 1.5 triệu,4.8/5,"""hồ bơi uốn lượn dài nhất Việt Nam"", ""trung tâm thể thao dưới nước"", ""view biển và núi rừng"", ""phù hợp gia đình và nhóm bạn""",https://tse1.mm.bing.net/th/id/OIP.nsjzRPiwNSDYkGtCNb0bXQHaEo?r=0&rs=1&pid=ImgDetMain&o=7&rm=3
Miền Trung,DEST_MT_36,Động Phong Nha - Kẻ Bàng,HOTEL_MT_76,Victory Road Villas,"Đường ĐT20, Thị trấn Phong Nha, Huyện Bố Trạch, Tỉnh Quảng Bình (cách trung tâm Phong Nha 500m)",Trên 1.5 triệu,4.8/5,"""view sông Son và núi đá vôi"", ""hồ bơi ngoài trời"", ""biệt thự phong cách sang trọng"", ""nhà hàng ẩm thực Á - Âu"", ""hỗ trợ đặt tour khám phá động""",
Miền Trung,,,HOTEL_MT_77,Oxalis Home,"Tổ dân phố 3, Thị trấn Phong Nha, Huyện Bố Trạch, Tỉnh Quảng Bình (sát bờ sông Son)",500k - 1.5 triệu,4.6/5,"""nằm ven sông Son thơ mộng"", ""bãi chèo thuyền kayak"", ""không gian xanh thoáng mát"", ""nhà hàng ngoài trời"", ""dịch vụ chuyên nghiệp""",
Miền Trung,DEST_MT_37,Hang Én,HOTEL_MT_78,Oxalis Tan Hoa Homestay,"Xã Tân Hóa, Huyện Minh Hóa, Tỉnh Quảng Bình (trạm trung chuyển & điểm xuất phát tour Hang Én/Tú Làn)",500k - 1.5 triệu,4.7/5,"""Mô hình homestay thích ứng thời tiết"", ""view cánh đồng cỏ xanh mát"", ""không gian yên bình"", ""phục vụ ăn uống bản địa"", ""trung tâm tour trekking Oxalis""",
Miền Trung,,,HOTEL_MT_79,Phong Nha Lake House Resort,"Thôn Khương Hà, Xã Hưng Trạch, Huyện Bố Trạch, Tỉnh Quảng Bình (gần cửa ngõ đường đi Hang Én)",500k - 1.5 triệu,4.4/5,"""view hồ Đồng Suối Môn"", ""hồ bơi ngoài trời"", ""chèo thuyền kayak"", ""nhà hàng ven hồ"", ""biệt thự gỗ sang trọng""",
Miền Trung,DEST_MT_38,Động Thiên Đường,HOTEL_MT_80,Chày Lập Farmstay,"Thôn Chày Lập, Xã Phúc Trạch, Huyện Bố Trạch, Tỉnh Quảng Bình (cách Động Thiên Đường 8km)",Trên 1.5 triệu,4.4/5,"""khu nghỉ dưỡng nông trại xanh"", ""hồ bơi ngoài trời"", ""chèo thuyền kayak & SUP sông Chày"", ""cho thuê xe đạp miễn phí"", ""nhà hàng thực phẩm hữu cơ""",
Miền Trung,,,HOTEL_MT_81,Đoàn Gia Resort Phong Nha,"Đường ĐT20, Thị trấn Phong Nha, Huyện Bố Trạch, Tỉnh Quảng Bình",500k - 1.5 triệu,4.0/5,"""kiến trúc nhà gỗ độc đáo"", ""hồ bơi ngoài trời lớn"", ""suối nhân tạo trong khuôn viên"", ""nhà hàng ẩm thực vùng miền"", ""gần tuyến đường vào Động Thiên Đường""",
Miền Trung,DEST_MT_39,Hang Sơn Đoòng,HOTEL_MT_82,Sun Spa Resort Quảng Bình,"Mỹ Cảnh, Bảo Ninh, TP. Đồng Hới, Tỉnh Quảng Bình (trung tâm lưu trú sang trọng cho du khách trước/sau tour Sơn Đoòng)",Trên 1.5 triệu,4.5/5,"""resort sát biển Bảo Ninh"", ""bãi biển riêng"", ""hồ bơi ngoài trời"", ""spa phục hồi thể lực"", ""sân golf tập""",
Miền Trung,,,HOTEL_MT_83,Gold Coast Hotel Resort & Spa,"Đường Võ Nguyên Giáp, Bảo Ninh, TP. Đồng Hới, Tỉnh Quảng Bình",Trên 1.5 triệu,4.4/5,"""dịch vụ xông hơi đá muối Himalaya"", ""hồ bơi ngoài trời rộng lớn"", ""view biển trực diện"", ""trung tâm thể thao"", ""nhà hàng cao cấp""",
Miền Trung,DEST_MT_40,Bãi biển Nhật Lệ,HOTEL_MT_84,Khách sạn Mường Thanh Luxury Nhật Lệ,"Số 121 Trương Pháp, Phường Hải Thành, TP. Đồng Hới, Tỉnh Quảng Bình (đối diện bãi biển Nhật Lệ)",500k - 1.5 triệu,4.3/5,"""mặt tiền bãi biển Nhật Lệ"", ""hồ bơi ngoài trời"", ""nhà hàng ẩm thực"", ""phòng gym & spa"", ""trung tâm hội nghị""",
Miền Trung,,,HOTEL_MT_85,Celina Peninsula Resort,"Đường Võ Nguyên Giáp, Bán đảo Bảo Ninh, TP. Đồng Hới, Tỉnh Quảng Bình (gần khu vực bãi biển Nhật Lệ)",Trên 1.5 triệu,4.5/5,"""bãi biển riêng rộng lớn"", ""hồ bơi vô cực hướng biển"", ""khu nghỉ dưỡng sinh thái"", ""quán bar bờ biển"", ""spa chăm sóc sức khỏe""",
Miền Trung,DEST_MT_41,Khu phố cổ Hội An,HOTEL_MT_46,Loongboong Homestay,"172 Nguyễn Tri Phương, Cẩm Nam, Hội An",350k - 600k / đêm,4.9/5,"""nhà vườn hoài cổ"", ""có hồ bơi"", ""gần phố cổ"", ""yên tĩnh""",
Miền Trung,,,HOTEL_MT_47,Little Riverside Hoi An A Luxury Hotel & Spa,"09 Phan Bội Châu, Cẩm Châu, Hội An",Trên 2.5 triệu / đêm,4.8/5,"""khách sạn 5 sao"", ""view sông Hoài"", ""hồ bơi sân thượng"", ""spa sang trọng""",
Miền Trung,DEST_MT_42,Eo Gió Quy Nhơn,HOTEL_MT_48,Sunny Bay Homestay,"Thôn Lý Hưng, Xã Nhơn Lý, TP. Quy Nhơn",350k - 650k / đêm,4.5/5,"""sát Eo Gió"", ""gần biển"", ""hải sản tươi"", ""chủ nhà nhiệt tình""",
Miền Trung,,,HOTEL_MT_49,FLC Luxury Resort Quy Nhon,"Khu 4, Nhơn Lý - Bãi Dài, TP. Quy Nhơn",Trên 3.0 triệu / đêm,4.6/5,"""resort 5 sao"", ""hồ bơi vô cực"", ""sân golf quốc tế"", ""bãi biển riêng""",
Miền Trung,DEST_MT_43,Kỳ Co,HOTEL_MT_50,La Beach House Nhơn Lý,"Dốc Cá, Bãi Nồm, Thôn Lý Hòa, Nhơn Lý",450k - 800k / đêm,4.6/5,"""bungalow gỗ sát biển"", ""view bình minh"", ""tiện đi cano Kỳ Co""",
Miền Trung,,,HOTEL_MT_51,Ky Co Resort,"Bãi Kỳ Co, Xã Nhơn Lý, TP. Quy Nhơn",Trên 2.5 triệu / đêm,4.5/5,"""nghỉ dưỡng biệt lập bãi Kỳ Co"", ""view vịnh biển"", ""xe điện nội khu""",
Miền Trung,DEST_MT_44,Tháp Đôi Quy Nhơn,HOTEL_MT_52,Mộc Homestay Quy Nhơn,"Đường Trần Hưng Đạo, P. Đống Đa, TP. Quy Nhơn",300k - 500k / đêm,4.6/5,"""gần Tháp Đôi"", ""phòng sạch sẽ"", ""bếp chung"", ""cho thuê xe máy""",
Miền Trung,,,HOTEL_MT_53,Anya Premier Hotel Quy Nhon,"44 An Dương Vương, P. Nguyễn Văn Cừ, TP. Quy Nhơn",Trên 1.8 triệu / đêm,4.7/5,"""khách sạn 5 sao mặt biển"", ""hồ bơi vô cực"", ""quầy bar tầng thượng"", ""spa""",
Miền Trung,DEST_MT_45,Ghềnh Đá Đĩa,HOTEL_MT_54,Palm Garden Homestay Tuy An,"Thôn Phú Hạnh, Xã An Ninh Đông, Tuy An",250k - 450k / đêm,4.5/5,"""cách Đá Đĩa 500m"", ""không gian vườn dừa"", ""chủ nhà mến khách""",
Miền Trung,,,HOTEL_MT_55,Zannier Hotels Bãi San Hô,"Xã Xuân Cảnh, Thị xã Sông Cầu, Phú Yên",Trên 8.0 triệu / đêm,4.9/5,"""khu nghỉ dưỡng siêu sang"", ""biệt thự đồi & biển"", ""spa đẳng cấp thế giới""",
Miền Trung,DEST_MT_46,Tháp Nghinh Phong,HOTEL_MT_56,July's Homestay Tuy Hòa,"4/275 Lê Duẩn, Phường 7, TP. Tuy Hòa",300k - 550k / đêm,4.7/5,"""decor vintage"", ""sát biển & tháp Nghinh Phong"", ""sân thượng thoáng mát""",
Miền Trung,,,HOTEL_MT_57,Sala Tuy Hoa Beach Hotel,"51 Độc Lập, Phường 7, TP. Tuy Hòa, Phú Yên",Trên 1.6 triệu / đêm,4.6/5,"""đối diện biển"", ""hồ bơi ngoài trời"", ""quầy bar sang xịn"", ""buffet phong phú""",
Miền Trung,DEST_MT_47,Làng cà phê Trung Nguyên,HOTEL_MT_58,Zan Homestay,"37 Hồ Giáo, Phường Thành Nhất, Buôn Ma Thuột",300k - 500k / đêm,4.7/5,"""phong cách mộc"", ""vườn hoa xinh"", ""yên bình"", ""gần làng cà phê""",
Miền Trung,,,HOTEL_MT_59,Muong Thanh Luxury Buon Ma Thuot Hotel,"81 Nguyễn Tất Thành, P. Tân An, Buôn Ma Thuột",Trên 1.5 triệu / đêm,4.6/5,"""chuẩn 5 sao"", ""trung tâm thành phố"", ""hồ bơi lớn"", ""sân tennis & spa""",
Miền Trung,DEST_MT_48,Vườn Quốc Gia Yok Đôn,HOTEL_MT_60,Yok Don Eco Guesthouse,"Trung tâm VQG Yok Đôn, Krông Na, Buôn Đôn",250k - 450k / đêm,4.4/5,"""nhà sàn sinh thái"", ""hòa mình cùng rừng"", ""hỗ trợ tour xem voi thân thiện""",
Miền Trung,,,HOTEL_MT_61,Đắk Lắk Eco Resort,"Thôn 4, Xã Hòa Phú, Buôn Ma Thuột",Trên 1.5 triệu / đêm,4.5/5,"""resort sinh thái cao cấp"", ""hồ bơi tràn đồi"", ""ẩm thực đại ngàn tinh hoa""",
Miền Trung,DEST_MT_49,Măng Đen,HOTEL_MT_62,Nắng Homestay Măng Đen,"Đường Nguyễn Văn Trỗi, TT. Măng Đen, Kon Plông",350k - 650k / đêm,4.8/5,"""view rừng thông mơ mộng"", ""lò sưởi ấm áp"", ""sân BBQ ngoài trời""",
Miền Trung,,,HOTEL_MT_63,Golden Boutique Hotel Mang Den,"Nguyễn Du, Thị trấn Măng Đen, Kon Plông",Trên 1.8 triệu / đêm,4.7/5,"""chuẩn 4 sao cao cấp nhất Măng Đen"", ""hồ bơi nước ấm"", ""nhà hàng Âu - Á""",
Miền Trung,DEST_MT_50,Hòn Tằm,HOTEL_MT_64,Bến Đá Homestay & Hostel,"Đường Võ Thị Sáu, P. Vĩnh Trường, Nha Trang",250k - 500k / đêm,4.6/5,"""sát cảng tàu ra Hòn Tằm"", ""phòng sạch gọn"", ""ẩm thực hải sản bình dân""",
Miền Trung,,,HOTEL_MT_65,Hon Tam Resort,"Đảo Hòn Tằm, Vịnh Nha Trang, Khánh Hòa",Trên 2.8 triệu / đêm,4.7/5,"""resort biệt lập trên đảo"", ""hồ bơi vô cực rộng lớn"", ""tắm bùn khoáng đảo"", ""spa""",
Miền Trung,DEST_MT_51,Đảo Bình Hưng,HOTEL_MT_66,Hồng Nhàn Homestay Bình Hưng,"Bãi Kinh, Đảo Bình Hưng, TP. Cam Ranh",250k - 450k / đêm,4.5/5,"""nhà bè nổi giữa biển"", ""thưởng thức tôm hùm tại bè"", ""cano ngắm san hô""",
Miền Trung,,,HOTEL_MT_67,Cam Ranh Riviera Beach Resort & Spa,"Bãi Dài, Cam Hải Đông, Cam Ranh",Trên 3.5 triệu / đêm,4.7/5,"""resort 5 sao"", ""công viên nước riêng"", ""bãi biển biệt lập"", ""dịch vụ all-inclusive""",
Miền Trung,DEST_MT_52,Tháp Chàm Po Nagar,HOTEL_MT_68,Vivid Seaside Homestay,"3/37 Phạm Văn Đồng, P. Vĩnh Phước, Nha Trang",300k - 550k / đêm,4.7/5,"""cách Tháp Bà 500m"", ""view cửa biển sông Cái"", ""chủ nhà nhiệt tình""",
Miền Trung,,,HOTEL_MT_69,Cham Oasis Nha Trang Resort Condotel,"304 Hai Tháng Tư, P. Vĩnh Phước, Nha Trang",Trên 1.6 triệu / đêm,4.6/5,"""ốc đảo ven sông kế Tháp Bà"", ""hồ bơi ngoài trời cỡ lớn"", ""spa thư giãn ven sông""",
Miền Trung,DEST_MT_53,VinWonders Nha Trang,HOTEL_MT_70,Sea Corner Boutique Hotel,"KĐT Biệt Thự An Viên, Vĩnh Trường, Nha Trang",350k - 650k / đêm,4.6/5,"""sát bến cáp treo Vinpearl"", ""phòng ban công thoáng mát"", ""khu an ninh yên tĩnh""",
Miền Trung,,,HOTEL_MT_71,Vinpearl Resort & Spa Nha Trang Bay,"Đảo Hòn Tre, P. Vĩnh Nguyên, Nha Trang",Trên 3.2 triệu / đêm,4.8/5,"""ngay cạnh VinWonders"", ""view toàn cảnh vịnh biển"", ""hồ bơi hướng biển"", ""kids club""",
Miền Trung,DEST_MT_54,Vịnh Nha Trang,HOTEL_MT_72,Mojzo Inn Boutique Hotel,"65/7 Nguyễn Thiện Thuật, P. Lộc Thọ, Nha Trang",350k - 700k / đêm,4.8/5,"""phố Tây đi bộ ra biển"", ""bữa sáng ngon"", ""sân thượng ngắm vịnh cực chill""",
Miền Trung,,,HOTEL_MT_73,InterContinental Nha Trang,"32-34 Trần Phú, P. Lộc Thọ, TP. Nha Trang",Trên 3.5 triệu / đêm,4.8/5,"""5 sao quốc tế mặt biển"", ""club lounge"", ""hồ bơi chân mây ngắm trọn vịnh""",
Miền Trung,DEST_MT_55,Hòn Mun Nha Trang,HOTEL_MT_74,Cảng Cầu Đá Guesthouse,"Đường Trần Phú nối dài, P. Vĩnh Nguyên, Nha Trang",250k - 450k / đêm,4.4/5,"""ngay bến tàu du lịch đi tour lặn Hòn Mun"", ""tiết kiệm chi phí"", ""tiện di chuyển""",
Miền Trung,,,HOTEL_MT_75,Vinpearl Luxury Nha Trang,"Đảo Hòn Tre, P. Vĩnh Nguyên, Nha Trang",Trên 5.5 triệu / đêm,4.9/5,"""biệt thự riêng biệt có hồ bơi"", ""spa nổi trên biển"", ""cano riêng ra vùng vịnh""",
Miền Trung,DEST_MT_56,Vĩnh Hy,HOTEL_MT_76,Chành Rành House Homestay,"Thôn Vĩnh Hy, Xã Vĩnh Hải, Huyện Ninh Hải",300k - 600k / đêm,4.6/5,"""sát bờ vịnh"", ""tổ hợp cafe homestay chill"", ""view làng chài bình yên""",
Miền Trung,,,HOTEL_MT_77,Amanoi Resort Ninh Thuận,"Vườn Quốc Gia Núi Chúa, Vịnh Vĩnh Hy, Ninh Thuận",Trên 20.0 triệu / đêm,4.9/5,"""resort 6 sao siêu xa xỉ"", ""hồ bơi vách đá"", ""view vịnh biển triệu đô"", ""spa đỉnh cao""",
Miền Nam,DEST_MN_57,Vườn thú ZooDoo Đà Lạt,HOTEL_MN_78,Da Nhim Riverside Homestay,"Xã Đạ Nhim, Huyện Lạc Dương (sát vách ZooDoo)",300k - 550k / đêm,4.5/5,"""ven suối Đạ Nhim"", ""ngay cạnh ZooDoo"", ""sân nướng BBQ mát mẻ""",
Miền Nam,,,HOTEL_MN_79,Ana Mandara Villas Dalat Resort & Spa,"Đường Lê Lai, Phường 5, TP. Đà Lạt",Trên 3.0 triệu / đêm,4.7/5,"""quần thể dinh thự Pháp cổ"", ""hồ bơi nước ấm"", ""spa thư giãn giữa đồi thông""",
Miền Nam,DEST_MN_58,Thác Datanla,HOTEL_MN_80,Thung Lũng Mây Homestay,"Hẻm đèo Prenn, Phường 3, TP. Đà Lạt",300k - 500k / đêm,4.6/5,"""sườn thung lũng thông"", ""tiện đường đến Datanla"", ""view sương mờ yên tĩnh""",
Miền Nam,,,HOTEL_MN_81,Zen Valley Dalat,"38 Khe Sanh, Phường 10, TP. Đà Lạt",Trên 1.8 triệu / đêm,4.6/5,"""resort sườn đồi view rừng thông"", ""hồ bơi vô cực nước ấm"", ""nhà hàng phong cách Âu""",
Miền Nam,DEST_MN_59,Đồi chè Cầu Đất Farm,HOTEL_MN_82,Cầu Đất Farm Homestay,"Thôn Trường Thọ, Xã Trạm Hành, Đà Lạt",250k - 450k / đêm,4.5/5,"""sát đồi chè Cầu Đất"", ""thuận tiện dậy sớm săn mây thảm gỗ"", ""không khí mát lạnh""",
Miền Nam,,,HOTEL_MN_83,Tea Resort Prenn,"Chân đèo Prenn, QL20, Phường 3, TP. Đà Lạt",Trên 2.5 triệu / đêm,4.7/5,"""khu nghỉ dưỡng tắm khoáng onsen"", ""kiến trúc hòa hợp thiên nhiên"", ""spa trị liệu cao cấp""",
Miền Nam,DEST_MN_60,Đỉnh Langbiang,HOTEL_MN_84,Dalat Serene Villa,"Thị trấn Lạc Dương, Huyện Lạc Dương (dưới chân núi Langbiang)",450.000 – 700.000 VNĐ/đêm,4.4/5.0,"""gần chân núi Langbiang"", ""view núi rừng"", ""không khí thoáng đãng"", ""đồi thông mộc mạc""",https://encrypted-tbn0.gstatic.com/images?q=tbn:ANd9GcQ3SIGVKS-S1PUHoTuEnG-N7IPk5QrtfhrH062BQNxyIA&s
Miền Nam,DEST_MN_61,Hồ Tuyền Lâm,HOTEL_MN_85,Khu nghỉ dưỡng Đan Kia - Suối Vàng,"Thung Lũng Vàng / Hồ Đan Kia, Lạc Dương (cách chân núi Langbiang ~6 km)",900.000 – 1.400.000 VNĐ/đêm,4.2/5.0,"""giữa rừng thông"", ""không gian biệt lập"", ""phù hợp cắm trại"", ""nghỉ dưỡng yên tĩnh""",https://encrypted-tbn0.gstatic.com/images?q=tbn:ANd9GcTOMx6YGfKDLLio39pCqkR0ANaCwcywTAF_nO-rLcuHNg&s=10
Miền Nam,,,HOTEL_MN_86,Terracotta Hotel & Resort Dalat,"Phân khu chức năng 7.9, KDL Hồ Tuyền Lâm, Phường 4, TP. Đà Lạt",1.400.000 – 2.500.000 VNĐ/đêm,4.5/5.0,"""view hồ Tuyền Lâm"", ""khuôn viên rộng lớn"", ""vườn hoa"", ""chuẩn 4 sao""",https://encrypted-tbn0.gstatic.com/images?q=tbn:ANd9GcTrujvRKOmUQgwx_NF07E4Ft47L2RoH2FaYsbrxe4Nw0lKJv7yP1yILTtgV&s=10
Miền Nam,DEST_MN_62,Đường hầm điêu khắc đất sét,HOTEL_MN_87,Cereja Hotel & Resort Da Lat,"Bờ nam KDL Hồ Tuyền Lâm, Phường 4, TP. Đà Lạt",1.100.000 – 1.800.000 VNĐ/đêm,4.3/5.0,"""thiết kế hiện đại"", ""ban công view hồ"", ""đón sương sớm"", ""không gian tĩnh lặng""",https://encrypted-tbn0.gstatic.com/images?q=tbn:ANd9GcTjNJBuVXo2POWzLZBCY9HBM6H7wJXDjtVZjXy8zHOfNg4A8lPTwRD57oI&s=10
Miền Nam,,,HOTEL_MN_88,Dalat Edensee Lake Resort & Spa,"Khu chức năng VII.2, KDL Hồ Tuyền Lâm (cách Đường hầm đất sét ~3 km)",2.300.000 – 3.800.000 VNĐ/đêm,4.6/5.0,"""kiến trúc châu Âu"", ""ven hồ"", ""không gian yên bình"", ""góc chụp ảnh đẹp""",https://www.dalatedensee.com/wp-content/uploads/2026/01/3J3A8876-banner.jpg
Miền Nam,DEST_MN_63,Hồ Xuân Hương,HOTEL_MN_89,Bình An Village Resort Dalat,"Thửa đất số 6, Tiểu khu 162, KDL Hồ Tuyền Lâm (cùng trục đường vào hầm đất sét)",3.200.000 – 5.500.000 VNĐ/đêm,4.5/5.0,"""biệt thự phong cách Pháp"", ""vườn hoa ôn đới"", ""nở rộ bốn mùa"", ""không gian mộng mơ""",https://cf.bstatic.com/xdata/images/hotel/max1024x768/46593096.jpg?k=99cc0206344484047a92d7645c18b72c6e196da422fce6be665568a24dd28919&o=
Miền Nam,,,HOTEL_MN_90,Dalat Palace Heritage Hotel,"Số 2 Trần Phú, Phường 3, TP. Đà Lạt (ngay đồi nhìn thẳng ra Hồ Xuân Hương)",2.800.000 – 4.500.000 VNĐ/đêm,4.7/5.0,"""khách sạn di sản"", ""kiến trúc Pháp cổ"", ""xây từ 1920"", ""view trọn mặt hồ""",https://encrypted-tbn0.gstatic.com/images?q=tbn:ANd9GcQ-8MpEZPANJ0ag8ep29CQZ-2y_YH5KTwAmivIV7aCphQ&s=10
Miền Nam,DEST_MN_64,Ga Đà Lạt,HOTEL_MN_91,Thắng Lợi Hotel Da Lat,"Đường Bùi Thị Xuân, Phường 2, TP. Đà Lạt (cách bờ hồ chỉ 300m đi bộ)",400.000 – 650.000 VNĐ/đêm,4.1/5.0,"""giá bình dân"", ""gần hồ Xuân Hương"", ""gần chợ đêm"", ""vị trí trung tâm""",https://encrypted-tbn0.gstatic.com/images?q=tbn:ANd9GcS4MCNiQe8z4GXRl2f1898ZlMMI6IdHBeZ-Ia4ZeuW_40Hpozj53BQKtFm8&s=10
Miền Nam,,,HOTEL_MN_92,Villa Vista Dalat,"Đường Quang Trung, Phường 9, TP. Đà Lạt (cách Ga Đà Lạt ~400 m)",500.000 – 850.000 VNĐ/đêm,4.3/5.0,"""villa ấm cúng"", ""thiết kế hiện đại"", ""gần ga Đà Lạt"", ""tiện chụp hình""",https://encrypted-tbn0.gstatic.com/images?q=tbn:ANd9GcRjbZ7BTGl1nublNHOGJlBWO0ZJmrm1juP30FFsPkveaseqfauHXFcobmY&s=10
Miền Nam,DEST_MN_65,Wonderland Water Park Phan Thiết,HOTEL_MN_93,Golf Valley Hotel,"Đường Bùi Thị Xuân, Phường 2, TP. Đà Lạt (cách ga tàu ~1,5 km)",1.300.000 – 2.000.000 VNĐ/đêm,4.4/5.0,"""chuẩn 4 sao"", ""kiến trúc hiện đại"", ""nhà hàng buffet"", ""phòng gym""",https://encrypted-tbn0.gstatic.com/images?q=tbn:ANd9GcTNr_8aD321il9ZHoyD7_oIbAiOe8FaI1XHqnFwVz8noqLFrHR0KedjtNof&s=10
Miền Nam,,,HOTEL_MN_94,Mövenpick Resort Phan Thiết,"Phân khu NovaWorld Phan Thiết, đường Hòn Giồ, Tiến Thành, TP. Phan Thiết",2.200.000 – 3.800.000 VNĐ/đêm,4.5/5.0,"""chủ đề cướp biển Caribbean"", ""sát công viên nước Wonderland"", ""thiết kế độc đáo""",https://encrypted-tbn0.gstatic.com/images?q=tbn:ANd9GcRzpCzkpzAu_Jf5ForooIANxiVMTKoQMs2bzIRoZV-GdsVx9Dry4Xgouy4&s=10
Miền Nam,DEST_MN_66,Công viên khủng long Phan Thiết (Dino Park NovaWorld),HOTEL_MN_95,Radisson Resort Phan Thiet,"Đường Lạc Long Quân, Tiến Thành, TP. Phan Thiết (sát khuôn viên NovaWorld)",1.800.000 – 2.900.000 VNĐ/đêm,4.4/5.0,"""bãi biển riêng"", ""phong cách Bắc Âu"", ""hồ bơi ngoài trời"", ""sát biển""",https://encrypted-tbn0.gstatic.com/images?q=tbn:ANd9GcT3ex7Y1SbzIyTDujgs65ycUTRGVUgCL_QAV_GPAOGXKEBn6hv1Zyg_pLj6&s=10
Miền Nam,,,HOTEL_MN_96,K-Town Resort Phan Thiet,"Khu NovaWorld Phan Thiết, Tiến Thành, TP. Phan Thiết",1.200.000 – 1.900.000 VNĐ/đêm,4.3/5.0,"""phong cách làng Hanok Hàn Quốc"", ""giao thoa hiện đại"", ""gần Dino Park""",https://encrypted-tbn0.gstatic.com/images?q=tbn:ANd9GcS3brAf_7jN9Frp8TNfLfdnK1SzWQu3HwfkriYRexTM1sD9nrG0kkD9Eb0&s=10
Miền Nam,DEST_MN_67,Safari Cafe Phan Thiết,HOTEL_MN_97,Novela Muine Resort & Spa,"Đường Nguyễn Đình Chiểu, Hàm Tiến, TP. Phan Thiết",800.000 – 1.300.000 VNĐ/đêm,4.2/5.0,"""chuẩn 4 sao"", ""ven rặng dừa biển"", ""phòng thoáng rộng"", ""ban công riêng""",https://encrypted-tbn0.gstatic.com/images?q=tbn:ANd9GcReNoN81Jw9XYgDiG4UKjzwVRPbVajCY0bX8PnoYpiGcI73A-vd7BpLHHU&s=10
Miền Nam,,,HOTEL_MN_98,Villa NovaWorld Phan Thiết,"Các phân khu biệt thự nội khu NovaWorld, Tiến Thành, TP. Phan Thiết",2.000.000 – 3.500.000 VNĐ/căn/đêm (phù hợp gia đình),4.4/5.0,"""villa nguyên căn"", ""đầy đủ bếp"", ""sân vườn riêng"", ""xe điện đưa đón""",https://encrypted-tbn0.gstatic.com/images?q=tbn:ANd9GcRt7IRq45v1OoCGb1E0dhCqcGN5KqEBFpYyXlcc125eaw&s
Miền Nam,DEST_MN_68,Đồi Kỳ Quan Phan Thiết (Wonder Hill),HOTEL_MN_99,Champa Resort & Spa Phan Thiết,"Thôn Tiến An, Tiến Thành, TP. Phan Thiết (trục đường ven biển Lạc Long Quân)",700.000 – 1.100.000 VNĐ/đêm,4.2/5.0,"""kiến trúc văn hóa Chăm"", ""bãi biển riêng"", ""không gian hoang sơ"", ""nhiều cây xanh""",https://encrypted-tbn0.gstatic.com/images?q=tbn:ANd9GcTU1HRjf_fLmPj_5Chq0VFVbbFvXoBXirOEUBez5SIsqg&s=10
Miền Nam,,,HOTEL_MN_100,Sealion Beach Resort & Spa,"Tuyến đường ven biển Tiến Thành, TP. Phan Thiết",950.000 – 1.500.000 VNĐ/đêm,4.3/5.0,"""hồ bơi tràn bờ"", ""view biển"", ""không khí trong lành"", ""gần Đồi Kỳ Quan""",https://encrypted-tbn0.gstatic.com/images?q=tbn:ANd9GcQjrzlnyHi4HKHBxwPopZO-mwZUy5Q0rykG_3iypJobSw&s=10
Miền Nam,DEST_MN_69,Nhà Thờ Đức Bà,HOTEL_MN_101,Villa Del Sol Beach Resort & Spa,"37 Lạc Long Quân, Tiến Phú, Tiến Thành, TP. Phan Thiết",1.300.000 – 2.100.000 VNĐ/đêm,4.4/5.0,"""bãi cát dài"", ""hồ bơi sát biển"", ""spa cao cấp""",https://encrypted-tbn0.gstatic.com/images?q=tbn:ANd9GcQHGPzCO7b4HzDmwa65As7ddsTTfTgtVkaAwidss4jRYA&s=10
Miền Nam,,,HOTEL_MN_102,Hotel Continental Saigon,"132-134 Đồng Khởi, Bến Nghé, Quận 1 (cách Nhà Thờ Đức Bà ~250 m)",1.900.000 – 3.200.000 VNĐ/đêm,4.5/5.0,"""khách sạn lịch sử từ 1880"", ""trần nhà cao thoáng"", ""sân vườn phong cách Pháp""",https://encrypted-tbn0.gstatic.com/images?q=tbn:ANd9GcRhReRPgX-aPdptPTD0cf53FYdEx9-WTcKcciwRjaRgrA&s=10
Miền Nam,DEST_MN_70,Bưu điện Trung tâm Sài Gòn,HOTEL_MN_103,A&Em Phan Boi Chau Hotel,"Đường Phan Bội Châu, Bến Thành, Quận 1 (cách Nhà Thờ Đức Bà ~700 m)",900.000 – 1.400.000 VNĐ/đêm,4.2/5.0,"""phòng ấm cúng"", ""thiết kế hiện đại"", ""gần trung tâm tham quan""",https://pix10.agoda.net/hotelImages/295219/0/904828121207cba8b40cb7fec4f7213e.jpg?ce=2&s=414x232
Miền Nam,,,HOTEL_MN_104,InterContinental Saigon,"Góc đường Hai Bà Trưng & Lê Duẩn, Bến Nghé, Quận 1 (cách Bưu điện chỉ 150 m)",3.600.000 – 5.500.000 VNĐ/đêm,4.7/5.0,"""chuẩn 5 sao quốc tế"", ""dịch vụ cao cấp"", ""vị trí trung tâm""",https://encrypted-tbn0.gstatic.com/images?q=tbn:ANd9GcRMGPht9Pmw7YADYl4iCAfTQbzvcyz9L2S2DCeYddcPng&s=10
Miền Nam,DEST_MN_71,Dinh Độc Lập,HOTEL_MN_105,C Central Hotel De Tham,"Đường Đề Thám, Phường Phạm Ngũ Lão, Quận 1 (di chuyển tới Bưu điện ~7 phút taxi)",600.000 – 900.000 VNĐ/đêm,4.1/5.0,"""phòng nhỏ xinh"", ""sạch sẽ"", ""gần phố xá sôi động""",https://cf.bstatic.com/xdata/images/hotel/max1024x768/370157042.jpg?k=62bcaff16745ae2f808c56c84f9559fd5f93dab1c0e869630d3fec043115ca83&o=
Miền Nam,,,HOTEL_MN_106,Khách sạn Fusion Suites Saigon,"3-5 Sương Nguyệt Ánh, Phường Bến Thành, Quận 1 (cách Dinh Độc Lập ~800 m)",2.100.000 – 3.200.000 VNĐ/đêm,4.4/5.0,"""thiết kế tối giản từ gỗ"", ""spa miễn phí hàng ngày"", ""phong cách mộc mạc""",https://encrypted-tbn0.gstatic.com/images?q=tbn:ANd9GcR9R8XJDgPksomvxTYv3dhk5_rowa-TzFrZr7z4fhDujjQXuh8f6_WgQQbi&s=10
Miền Nam,DEST_MN_72,Nhà Hát Thành Phố,HOTEL_MN_107,Khách sạn Á Đông (A Dong Hotel),"Đường Nam Kỳ Khởi Nghĩa, Bến Thành, Quận 1 (ngay gần hàng rào Dinh Độc Lập)",450.000 – 700.000 VNĐ/đêm,4.0/5.0,"""giá bình dân"", ""vị trí thuận tiện"", ""gần các di tích"", ""sạch sẽ""",https://pix10.agoda.net/hotelImages/138/13873321/13873321_20051216500090376074.jpg?ca=11&ce=1&s=414x232
Miền Nam,,,HOTEL_MN_108,Caravelle Saigon,"19-23 Công Trường Lam Sơn, Bến Nghé, Quận 1 (ngay đối diện sườn Nhà Hát Thành Phố)",3.000.000 – 5.000.000 VNĐ/đêm,4.6/5.0,"""khách sạn 5 sao biểu tượng"", ""bar rooftop"", ""view toàn cảnh thành phố""",https://encrypted-tbn0.gstatic.com/images?q=tbn:ANd9GcTecq4dgw0k7kJdGlybS1iWIdDbqlGYJcSgXJgM2IYTfZVyiGIzZswCAI4T&s=10
Miền Nam,DEST_MN_73,Bến Nhà Rồng,HOTEL_MN_109,The Myst Đồng Khởi,"6-8 Hồ Huấn Nghiệp, Bến Nghé, Quận 1 (cách Nhà Hát ~300 m)",2.700.000 – 4.200.000 VNĐ/đêm,4.5/5.0,"""phong cách boutique"", ""đậm dấu ấn Sài Gòn xưa"", ""hồ bơi vô cực"", ""tầng thượng nhiều cây xanh""",https://encrypted-tbn0.gstatic.com/images?q=tbn:ANd9GcTEgZfsykFgpJaOsEBqO74DgXE-uzetfXzFUhOQD3ZpBw&s=10
Miền Nam,,,HOTEL_MN_110,Riverside Hotel Saigon,"18-20 Tôn Đức Thắng, Bến Nghé, Quận 1 (bờ đối diện nhìn sang Bến Nhà Rồng qua cầu Khánh Hội)",1.100.000 – 1.800.000 VNĐ/đêm,4.2/5.0,"""kiến trúc thuộc địa"", ""mặt tiền sông Sài Gòn"", ""view tàu thuyền""",https://encrypted-tbn0.gstatic.com/images?q=tbn:ANd9GcQaicD22eg09SdGJYoQOWuHU8h0aYCKsmUjAL50In-ZGA&s=10
Miền Nam,DEST_MN_74,Phố Đi Bộ Nguyễn Huệ,HOTEL_MN_111,Kally Hotel,"Đường Hoàng Diệu, Phường 12, Quận 4 (cách Bến Nhà Rồng ~600 m)",450.000 – 750.000 VNĐ/đêm,4.1/5.0,"""gần ẩm thực đường phố Quận 4"", ""giá hợp lý"", ""phòng gọn gàng""",https://pix10.agoda.net/hotelImages/303/303727/303727_14073016210020575307.jpg?ca=2&ce=1&s=1024x768
Miền Nam,,,HOTEL_MN_112,Rex Hotel Saigon,"141 Nguyễn Huệ, Phường Bến Nghé, Quận 1 (ngay ngã tư Nguyễn Huệ – Lê Lợi)",2.200.000 – 3.800.000 VNĐ/đêm,4.5/5.0,"""khách sạn di sản nổi tiếng"", ""ngay phố đi bộ Nguyễn Huệ"", ""vườn thượng uyển"", ""bar tầng mái""",https://encrypted-tbn0.gstatic.com/images?q=tbn:ANd9GcSe7G0cMBFrU9jL7wBXt5BjtlB90As2hw92po_npvKoZg&s=10
Miền Nam,DEST_MN_75,Chợ Bến Thành,HOTEL_MN_113,The Hammock Hotel Fine Arts Museum,"Đường Calmette, Phường Nguyễn Thái Bình, Quận 1 (cách đầu phố Nguyễn Huệ ~500 m)",1.000.000 – 1.500.000 VNĐ/đêm,4.4/5.0,"""phong cách trẻ trung sáng tạo"", ""võng thư giãn trong phòng"", ""đồ ăn nhẹ miễn phí 24/7""",https://encrypted-tbn0.gstatic.com/images?q=tbn:ANd9GcRXXt66DU80Qn0Ojo6mgrlg9SwIJklT2ccdQ58SO2Zf0w&s=10
Miền Nam,,,HOTEL_MN_114,Silverland Ben Thanh Hotel,"14-16 Lê Lai, Phường Bến Thành, Quận 1 (cách cửa Bắc chợ Bến Thành vài bước chân)",1.800.000 – 2.800.000 VNĐ/đêm,4.4/5.0,"""phong cách boutique độc đáo"", ""cảm hứng mái vòm chợ"", ""hồ bơi view công viên""",https://encrypted-tbn0.gstatic.com/images?q=tbn:ANd9GcTDbCdXi0FeB-UncpO_49nwdVSflZT-1FoPkYN3k4iybQ&s=10
Miền Nam,DEST_MN_76,Núi Bà Đen,HOTEL_MN_115,Avanti Hotel,"286 Lê Thánh Tôn, Phường Bến Thành, Quận 1 (cách chợ ~200 m)",850.000 – 1.300.000 VNĐ/đêm,4.2/5.0,"""gần khu mua sắm ăn uống"", ""phòng hiện đại sạch sẽ"", ""đón tiếp nhiệt tình""",https://encrypted-tbn0.gstatic.com/images?q=tbn:ANd9GcSjEV-LZsSrxtL8neohx08yohwzEIl5BHBFKSAnbp01MA&s=10
Miền Nam,,,HOTEL_MN_116,Khách sạn Thảo Muội (Chân núi),"Đường Bời Lời, Xã Ninh Sơn / Ninh Thạnh, TP. Tây Ninh (trục đường chính dẫn thẳng vào ga cáp treo)",300.000 – 500.000 VNĐ/đêm,4.1/5.0,"""gần ga cáp treo"", ""đi chuyến sớm thuận tiện"", ""săn mây đỉnh núi""",https://encrypted-tbn0.gstatic.com/images?q=tbn:ANd9GcRhvuC-IxvXI24afDa5bAdAFYWA0AYX584qy3ZllMHFKg&s=10
Miền Nam,DEST_MN_77,Tòa Thánh Tây Ninh,HOTEL_MN_117,Meliá Vinpearl Tây Ninh,"90 Lê Duẩn, Phường 3, TP. Tây Ninh (cách chân Núi Bà Đen ~12 km)",1.300.000 – 2.000.000 VNĐ/đêm,4.6/5.0,"""chuẩn 5 sao"", ""view bao quát núi Bà Đen"", ""dịch vụ tiện nghi cao cấp""",https://encrypted-tbn0.gstatic.com/images?q=tbn:ANd9GcTSzZnMnq7yRNIuhbBwRpIOsfcW8vgWrHnPRFZrzoQ7NA&s=10
Miền Nam,,,HOTEL_MN_118,Mai Tuấn Hotel - Chánh Môn A,"Số 8 Chánh Môn A, KP2, Phường 4, TP. Tây Ninh (cách hàng rào Tòa Thánh chỉ ~750 m)",350.000 – 500.000 VNĐ/đêm,4.2/5.0,"""sát cổng Chánh Môn"", ""gần Tòa Thánh"", ""chủ nhà thân thiện""",https://encrypted-tbn0.gstatic.com/images?q=tbn:ANd9GcQBmscBwXP0PvvK8S89hm9SQB21yEVa-rJxMgCGmupMbg&s
Miền Nam,DEST_MN_78,Khu Du Lịch Hồ Mây,HOTEL_MN_119,Khách sạn Hoàng Mai,"Đường Huỳnh Thanh Mừng, Thị xã Hòa Thành, Tây Ninh (ngay sát khu chợ Long Hoa và Tòa Thánh)",400.000 – 600.000 VNĐ/đêm,4.1/5.0,"""gần ẩm thực chay Hòa Thành"", ""gần chợ đặc sản"", ""sạch sẽ"", ""gần Tòa Thánh""",https://encrypted-tbn0.gstatic.com/images?q=tbn:ANd9GcTFGIwAZsA0hobh4g5tb576xBmBBdhs8Eb4y_9Li_GbIQ&s=10
Miền Nam,DEST_MN_79,Wonder Museum - Bảo tàng kỳ quan,HOTEL_MN_120,CouCou IV - Central Serviced Apartments Le Loi,"93 Lê Lợi, Xa Thang Nhi",600- 1 triệu / đêm,4.3/5.0,"""Căn hộ dịch vụ"" ""Đầy đủ bếp và máy giặt"" ""View phố và núi"" ""Tự do riêng tư"" ""Phù hợp ở dài ngày""",https://cf.bstatic.com/xdata/images/hotel/400x320/881415314.webp?k=ec075b13919de12cafbcf8f2cd5c74b3d52ecef2149edf063e5b944ce2a32ba3&o=
Miền Nam,DEST_MN_80,Công viên nước Tropicana Park Hồ Tràm,HOTEL_MN_121,Sea La Vie Wonderland Hồ Tràm,"Đường Ven Biển B33, Ho Tram",Cao cấp (5 triệu/đêm),4.4/5.0,"""Villa ven biển Hồ Tràm"" ""Phong cách New England"" ""Góc check-in đẹp"" ""Hồ bơi ngoài trời"" ""Nghỉ dưỡng gia đình và nhóm bạn""",https://cf.bstatic.com/xdata/images/hotel/max1024x768/799855815.jpg?k=5349619e05b8d486be12ab620e849f239ea0f792664b092b0d540c7caf49982a&o=
Miền Nam,,,HOTEL_MN_122,Malibu Tropicana Villa,"The Tropicana - Nova Hồ Tràm , xã xuyên mộc, huyện bình châu, brvt, Ấp Thanh Bình",Cao cấp (4 triệu/đêm),4.2/5.0,"""trong khu nghỉ dưỡng Tropicana"", ""hồ bơi nước mặn 5.000m²"", ""bãi đỗ xe riêng"", ""ban công view vườn""",https://cf.bstatic.com/xdata/images/hotel/max1024x768/791451815.jpg?k=b0f43dc79a2ed2f5d642e9020750f59bdaebdafd20d1675d434e28b53873e125&o=
Miền Nam,,,HOTEL_MN_123,D02 - Happy Beach Villas - No2 Căn hộ Z&Z Triple key - NovaWorld Ho tram,"ZnZ Novaland Happy beach, Bình Châu",Trung bình ( 1.2 - 1.5 triệu / đêm),4.1/5.0,"""gần biển"", ""hồ bơi"", ""sân vườn riêng"", ""xe đạp miễn phí""",https://cf.bstatic.com/xdata/images/hotel/max1024x768/847380993.jpg?k=ddf9134029bb804cd4154da3955c33b80d48182583223cbfaa17710e04f7576a&o=
Miền Nam,DEST_MN_81,Tượng chúa Kito Vua,HOTEL_MN_124,ML Homestay,"Ấp Bình Hoà, Xã Bình Châu, Huyện Xuyên Mộc, Bà Rịa Vũng Tàu, Bình Châu",Bình dân (500 -700k/ đêm),4.3/5.0,"""gần Tropicana Park"", ""có sân vườn"", ""wifi miễn phí"", ""phòng gia đình""",https://cf.bstatic.com/xdata/images/hotel/max1024x768/908086162.jpg?k=f2665c1cee33695d50acc7be88a8e91869652253887e67ab508ce891cee1c0f0&o=
Miền Nam,,,HOTEL_MN_125,SV Boutique Resort,"66/15 Hạ Long, Phường 2, Thành Phố Vũng Tàu, Vũng Tàu",800 - 1 triệu / đêm,4.2/5.0,"""gần Bãi Dứa"", ""hồ bơi vô cực"", ""kiến trúc Pháp cổ"", ""spa""",https://cf.bstatic.com/xdata/images/hotel/max1024x768/400237778.jpg?k=6bcd06f50a4679d847853a68d8ab5d63b2741bd8a0dd52ac38ae6fbe47e8a7ac&o=
Miền Nam,,,HOTEL_MN_126,MILAN Boutique Garden,"244 Phan Chu Trinh, Phường Vũng Tàu, Vũng Tàu",600- 1 triệu / đêm,4.2/5.0,"""gần Bãi Sau"", ""hồ bơi ngoài trời"", ""sân vườn"", ""giá bình dân""",https://cf.bstatic.com/xdata/images/hotel/max1024x768/738343914.jpg?k=8dd583565414c1505d7539fac91b6b8717f05ce3143ae9b0350e3006a75a1d1f&o=
Miền Nam,DEST_MN_82,Mũi Nghinh phong,HOTEL_MN_127,Aquatel Vung Tau,"133 Phan Chu Trinh, Vũng Tàu",700 - 1 triệu / đêm,4.4/5.0,"""gần biển"", ""sân golf liền kề"", ""xe đưa đón bãi biển"", ""sân hiên tắm nắng""",https://cf.bstatic.com/xdata/images/hotel/max1024x768/281449617.jpg?k=322baab69cd1e4d4489f1a025e1387c6b81b79147d16bb2f23f890be4aff5357&o=
Miền Nam,,,HOTEL_MN_128,Ananas Beach Hotel,"06 - 08 Hạ Long, Phường 2 Astoria Villa & Apartment, Vũng Tàu",1 - 1.2 triệu/ đêm,4.5/5.0,"""sát Bãi Dứa"", ""bếp mini trong phòng"", ""sân thượng view đẹp"", ""gần Tượng Chúa""",https://cf.bstatic.com/xdata/images/hotel/max1024x768/817915373.jpg?k=e154b461d6be1fb3d81ebbe5bee052da11bf07092f2303fe6881910e26c358dd&o=
Miền Nam,DEST_MN_83,Bạch Dinh ,HOTEL_MN_129,Mercure Vung Tau,"03-06 Ha Long Street, Vung Tau Ward, Vũng Tàu",1.8 - 2.2 triệu / đêm,4.5/5.0,"""hồ bơi tràn bờ"", ""bãi biển riêng"", ""spa & gym"", ""kiến trúc Địa Trung Hải""",https://cf.bstatic.com/xdata/images/hotel/max1024x768/914927735.jpg?k=36b8123c17bdedb470eac360e5b41b3560b4b39fe3aa99432042bf0d0983769e&o=
Miền Nam,,,HOTEL_MN_130,Mercure Vung Tau,"03-06 Ha Long Street, Vung Tau Ward, Vũng Tàu",1.8 - 2.2 triệu / đêm,4.3/5.0,"""hồ bơi tràn bờ"", ""bãi biển riêng"", ""spa & gym"", ""kiến trúc Địa Trung Hải""",https://cf.bstatic.com/xdata/images/hotel/max1024x768/914927735.jpg?k=36b8123c17bdedb470eac360e5b41b3560b4b39fe3aa99432042bf0d0983769e&o=
Miền Nam,DEST_MN_84,Cồn Phụng,HOTEL_MN_131,Bella Vista Vung Tau,"12/9 Tran Phu, Ward 1, Vũng Tàu",700 - 1 triệu / đêm,4.2/5.0,"""villa trên núi"", ""view biển"", ""phù hợp nhóm đông (10 khách)"", ""chủ nhà thân thiện""",https://cf.bstatic.com/xdata/images/hotel/max1024x768/253629120.jpg?k=184d68da70636bca8560cae07ec0d0c1b88e0dae81e6d2a5d3e5b087f0414924&o=
Miền Nam,,,HOTEL_MN_132,Coco Island Cồn Phụng,"ấp 10, xã Tân Thạch, huyện Châu Thành, Bến Tre",600 - 800k / đêm,4.4/5.0,"""bungalow tre nứa"", ""cầu dừa 300m"", ""hồ bơi"", ""ven sông Tiền""",https://cf.bstatic.com/xdata/images/hotel/max1024x768/426975781.jpg?k=d2ad64d0fc330b8b673233fd8c1390f86f89658918ac937515ecbc10ed144ae2&o=
Miền Nam,DEST_MN_85,Cồn Quỵ ,HOTEL_MN_133,Cồn Phụng Retreats Mekong - Nature Island with Free Boat Shuttle & Fishing,"ấp Tân Vinh, xã Tân Thạch, huyện Châu Thành, tỉnh Bến Tre, Bến Tre",900 - 2 triệu / đêm,4.2/5.0,"""giữa sông Mekong"", ""đưa đón bằng thuyền miễn phí"", ""hồ bơi ngoài trời"", ""câu cá""",https://cf.bstatic.com/xdata/images/hotel/max1024x768/284592767.jpg?k=5ef5da569368eb6b5d25289e830d9e126d9a6bec67883b0026d57034d671b451&o=
Miền Nam,DEST_MN_86,Chợ Nổi Cái Răng,HOTEL_MN_134,Coco Island Cồn Phụng,"ấp 10, xã Tân Thạch, huyện Châu Thành, Bến Tre",600 - 800k / đêm,4.4/5.0,"""bungalow tre nứa"", ""cầu dừa 300m"", ""hồ bơi"", ""ven sông Tiền""",https://cf.bstatic.com/xdata/images/hotel/max1024x768/426975781.jpg?k=d2ad64d0fc330b8b673233fd8c1390f86f89658918ac937515ecbc10ed144ae2&o=
Miền Nam,DEST_MN_87,Bến Ninh Kiều,HOTEL_MN_135,Cồn Phụng Retreats Mekong - Nature Island with Free Boat Shuttle & Fishing,"ấp Tân Vinh, xã Tân Thạch, huyện Châu Thành, tỉnh Bến Tre, Bến Tre",900 - 2 triệu /  đêm,4.3/5.0,"""giữa sông Mekong"", ""đưa đón bằng thuyền miễn phí"", ""hồ bơi ngoài trời"", ""câu cá""",https://cf.bstatic.com/xdata/images/hotel/max1024x768/284592767.jpg?k=5ef5da569368eb6b5d25289e830d9e126d9a6bec67883b0026d57034d671b451&o=
Miền Nam,,,HOTEL_MN_136,"Wink Can Tho Centre, Unscripted by Hyatt - 24 Hours stay","14 Phan Đình Phùng, Cần Thơ",1 - 1.5 triệu / đêm,4.4/5.0,"""gần Bến Ninh Kiều"", ""hồ bơi trên sân thượng"", ""gym"", ""check-in tự động""",https://cf.bstatic.com/xdata/images/hotel/max1024x768/893605206.jpg?k=ba350293b2ead0e70c5680a3e8c576a89973bb7191acdc7280d84ce3ea94438f&o=
Miền Nam,,,HOTEL_MN_137,KP Hotel,"09 Nam Kỳ Khởi Nghĩa, phường Tân An, quận Ninh Kiều, Cần Thơ",500 - 1 triệu / đêm,4.2/5.0,"""trung tâm Cần Thơ"", ""nhà hàng Á-Âu"", ""hồ bơi"", ""gym hiện đại""",https://cf.bstatic.com/xdata/images/hotel/max1024x768/832755147.jpg?k=e12396c87d718c6402e4bceffbc70cb4a3484440e7d6daa23df15ea870b4d604&o=
Miền Nam,DEST_MN_88,Nhà Cổ Bình Thủy,HOTEL_MN_138,TTC Hotel Can Tho,"2 Hai Ba Trung, Cần Thơ",1 - 1.5 triệu / đêm,4.8/5.0,"""gần chợ đêm & Chợ Nổi Cái Răng"", ""hồ bơi ngoài trời"", ""phòng họp/sự kiện"", ""spa""",https://cf.bstatic.com/xdata/images/hotel/max1024x768/774860670.jpg?k=1b926dbf1a68e09ab4cf840422c29a17b8f29cfb8353061e81496f1e328d17b4&o=
Miền Nam,,,HOTEL_MN_139,Soda House Cần Thơ,"Khách sạn Soda House Homestay Cần Thơ, Khu dân cư Ngân Thuận, Bình Thủy, Cần Thơ",200 - 500k / đêm,4.2/5.0,"""gần Nhà Cổ Bình Thủy"", ""đưa đón sân bay"", ""nhà hàng & bar"", ""giá bình dân""",https://cf.bstatic.com/xdata/images/hotel/max1024x768/349917275.jpg?k=47e668683d5587762f2b671f2cbdde4d5c465070488b57f0f34dfd1ae811b75c&o=
Miền Nam,DEST_MN_89,Côn Đảo,HOTEL_MN_140,Sophia Healing House Cần Thơ,"L11-11 đường số 48, Stella Mega City, Bình Thủy, Cần Thơ, Cần Thơ",500 - 1 triệu / đêm,4.4/5.0,"""homestay ấm cúng"", ""sân vườn"", ""quầy bar"", ""được khách đánh giá cao (9.6/10)""",https://cf.bstatic.com/xdata/images/hotel/max1024x768/576283612.jpg?k=cebe2034c4481326a3261c1f229ea6b90211bbd37372ffe53a1505cfe568fbd4&o=
Miền Nam,,,HOTEL_MN_141,Thiên Tân Hotel,"Nguyễn Đức Thuận 04, Côn Đảo",600 - 800k / đêm,4.5/5.0,"""sát Bãi An Hải"", ""sân vườn"", ""bãi đỗ xe riêng"", ""giá vừa phải""",https://cf.bstatic.com/xdata/images/hotel/max1024x768/442241216.jpg?k=b3a509fe7685c6954bbcc41c3aae5cf63bccaca1a285995727b2b84acf97b968&o=
Miền Nam,,,HOTEL_MN_142,Hoàng Anh Côn Đảo Hotel,"Nguyễn Đức Thuận , Khu 5, Côn Đảo",500 - 1 triệu / đêm,3.9/5.0,"""gần Bãi An Hải"", ""phòng rộng rãi sạch sẽ"", ""đánh giá 8.9/10"", ""không có hồ bơi/spa""",https://cf.bstatic.com/xdata/images/hotel/max1024x768/455921857.jpg?k=1eee18cb9febf5c9848d097e8ced56b5dc8cdf71c53ca8e0e575dca386b7e88b&o=
Miền Nam,DEST_MN_90,Chợ nổi Cà Mau,HOTEL_MN_143,Velar Hotel Con Dao - Vung Tau,"Đường Lương Thế Trân, Côn Đảo",700 - 2 triệu / đêm,4.1/5.0,"""cách Bãi An Hải 1 phút đi bộ"", ""hồ bơi trong nhà"", ""đưa đón sân bay/bến tàu"", ""phòng mới, sạch""",https://cf.bstatic.com/xdata/images/hotel/max1024x768/489879552.jpg?k=b4cda2a1c9e55ed3754b37663ada575835ba6bb1d3daaff2741fa53c15134c77&o=
Miền Nam,,,HOTEL_MN_144,Nhà Khách Vạn Thành,"96 Huỳnh Thúc Kháng, Cà Mau",300 - 500k / đêm,4.3/5.0,"""giá rẻ"", ""phòng có ban công"", ""view sông"", ""phù hợp nghỉ 1 đêm""",https://cf.bstatic.com/xdata/images/hotel/max1024x768/794557212.jpg?k=958898a43e680ea43c452869e44656aba684ff43f24d0a29dfe88befba16a030&o=
Miền Nam,DEST_MN_91,Vườn Quốc Gia U Minh Hạ,HOTEL_MN_145,NHÀ KHÁCH KEN,"17H Huynh Thuc Khang bridge, Ward 7, Cà Mau",200 - 500k / đêm,4.4/5.0,"""xe đạp miễn phí"", ""sân vườn"", ""khu vui chơi trẻ em"", ""giá hợp lý""",https://cf.bstatic.com/xdata/images/hotel/max1024x768/827561156.jpg?k=6e86a4bb94cee801060000d86ac31676a884474105e03acacd1c51d389b8adae&o=
Miền Nam,,,HOTEL_MN_146,Bungalow - Farmstay Hoa Rừng U Minh,"Ấp 15, xã Khánh An, huyện U Minh, Ca Mau, Cà Mau",300 - 500k / đêm,4.2/5.0,"""giữa rừng tràm U Minh"", ""lò sưởi mỗi phòng"", ""view hồ"", ""trải nghiệm nông trại""",https://cf.bstatic.com/xdata/images/hotel/max1024x768/508051957.jpg?k=0329b3547b5bc4c8ce7cbeaa0eec1065fc4d7d90d0fd07e36dc09c57209cbac2&o=
Miền Nam,DEST_MN_92,Mũi Cà Mau,HOTEL_MN_147,Muong Thanh Luxury Ca Mau Hotel,"Lot C03A, Ca Mau Administrative and Political Center Zone, Cà Mau",800 - 1 triệu / đêm,4.2/5.0,"""trung tâm hành chính Cà Mau"", ""hồ bơi ngoài trời"", ""spa & bồn sục"", ""cao cấp""",https://cf.bstatic.com/xdata/images/hotel/max1024x768/633119622.jpg?k=881e698c19cbe1ffba1c660410449c34d56911555c04d8d0ad917b0a57bc2ee1&o=
Miền Nam,DEST_MN_93,Thành Phố Rạch Giá,HOTEL_MN_148,Homestay Hải Nam Đất Mũi,"Cồn Mũi, Đất Mũi, Ngọc Hiển, Cà Mau, Việt Nam Cồn Mũi, Đất Mũi, Ngọc Hiển, Cà Mau, Việt Nam, Xóm Mũi",200 - 500k / đêm,4.1/5.0,"""Mũi Cà Mau"", ""gần cột mốc""",https://cf.bstatic.com/xdata/images/hotel/max1024x768/482957161.jpg?k=9765d9988897364012a62b7f964a915022c4c10ee347ff53d2d992841e06ac07&o=
Miền Nam,,,HOTEL_MN_149,Phuc Ngoc Hotel,"1328 Nguyễn Trung Trực An Binh,Rach Gia,Kien Giang, Ap Rạch Soi",700 - 1.2 triệu / đêm,4.2/5.0,"""trung tâm Rạch Giá"", ""hồ bơi ngoài trời"", ""karaoke/massage"", ""gần bến tàu Phú Quốc""",https://cf.bstatic.com/xdata/images/hotel/max1024x768/180460312.jpg?k=bba756fd52b05ece0082846cc6cefd9691eb0a10cb092dd08a4c057271a2e6b1&o=
Miền Nam,DEST_MN_94,Thành phố Hà Tiên,HOTEL_MN_150,Khách Sạn Tường Vy,"Phan Thị Ràng Lô L10, số 9, Phan Thị Ràng, P. An Hòa, Tp. Rạch Giá, Kiên Giang, An Hòa",400 - 700k / đêm,4.3/5.0,"""4 sao"", ""gần công viên An Hòa"", ""có hồ bơi"", ""cho phép thú cưng""",https://cf.bstatic.com/xdata/images/hotel/max1024x768/605311381.jpg?k=bd150327d72f845e71ac7a3ef99296f02fdccf08fb210665b626a1168043a4fc&o=
Miền Nam,,,HOTEL_MN_151,Hà Hùng Panorama Hotel,"Lô SC4-1 đường Nguyễn Huệ, Khu đô thị mới, Khu phố 2, Phường Pháo Đài, Hà Tiên",400 - 700k / đêm,4.0/5.0,"""gần chợ đêm Hà Tiên"", ""sân hiên"", ""bãi đỗ xe rộng"", ""phù hợp nhóm/gia đình""",https://cf.bstatic.com/xdata/images/hotel/max1024x768/782013142.jpg?k=49db6a7a2bbe4937bf5234e42dbd34e9a26584d8bf18fa0a7d42bf20d10c7058&o=
Miền Nam,,,HOTEL_MN_152,River Hotel,"B3 Block, Tran Hau Business, Ha Tien, Hà Tiên",1 - 1.5 triệu / đêm,4.3/5.0,"""view sông Tô Châu"", ""hồ bơi ngoài trời"", ""massage/xông hơi"", ""4 sao duy nhất Hà Tiên""",https://cf.bstatic.com/xdata/images/hotel/max1024x768/281885095.jpg?k=e81eba7acbde87d59f5e1813c9dc14b7157997b1ec1a42b258908cda358a5edb&o=
Miền Nam,DEST_MN_95,Đảo Phú Quốc,HOTEL_MN_153,Hà Tiên Hạnh Phúc Hotel,"13-14 Hoang Van Thu, Binh San Ward, Hà Tiên",300 - 600k / đêm,4.3/5.0,"""2 sao"", ""giá rẻ"", ""nhân viên thân thiện"", ""không có hồ bơi""",https://cf.bstatic.com/xdata/images/hotel/max1024x768/773068268.jpg?k=be4d11e472c9f98e25f66b7ae1af9bf689c2771d09611e812561dcb74e3cba70&o=
Miền Nam,,,HOTEL_MN_154,Đảo Ngọc Homestay - Grand World Phú Quốc,"VH18- MC 05-33 30 Địa Trung Hải 3, Ganh Dau, Phú Quốc",500 - 1 triệu / đêm,4.4/5.0,"""sát Bãi Dài"", ""gần Vinpearl & chợ đêm"", ""bếp chung"", ""xe đưa đón có phí""",https://cf.bstatic.com/xdata/images/hotel/max1024x768/861365242.jpg?k=ad959e5f9b76972568a8b9f13f47e51f588cbba3fa890c6afab266f40f2b1712&o=
Miền Nam,DEST_MN_96,Đảo Nam Du,HOTEL_MN_155,Vistalago Hotel Khem Beach Phu Quoc,"Vistalago Hotel D275,D277,D279,D281, An Thoi, Phú Quốc",500 - 1 triệu / đêm,4.6/5.0,"""gần Bãi Khem"",",https://cf.bstatic.com/xdata/images/hotel/max1024x768/876332904.jpg?k=26a8d246e6dc21dc3d183621f9da32a84e592fe14da4745f16e85b9db0ba8e80&o=
Miền Nam,DEST_MN_97,Hòn Thơm,HOTEL_MN_156,Rova Hotel Phú Quốc,"41-43 Positano Địa Trung Hải, KP6, An Thới, An Thoi, Phú Quốc",400 - 1 triệu / đêm,4.3/5.0,"""gần Sunset Town & Cầu Hôn"", ""phong cách Địa Trung Hải"", ""bữa sáng đa dạng"", ""không hồ bơi""",https://cf.bstatic.com/xdata/images/hotel/max1024x768/914902938.jpg?k=6a05481a6ea4c5896e55c5530171ee9ec3980b3935fdae25c43aa3b667923c24&o=
Miền Nam,,,HOTEL_MN_157,The Dome Hon Thom Boutique Hotel,"M357, Santo port, Hon Thom, An Thoi, Phu Quoc, An Giang, Phú Quốc",5 - 7 triệu / đêm,4.4/5.0,"""tại đảo Hòn Thơm"", ""gần bến Santo"", ""đưa đón & đặt tour"", ""bữa sáng miễn phí""",https://cf.bstatic.com/xdata/images/hotel/max1024x768/821506088.jpg?k=b4e8d9ff524c854bd3c8b3b899e25f7394f891d45953a75201aabe06b1c8f5c5&o=
Miền Nam,DEST_MN_98,Thị trấn Hoàng Hôn - Sunset Town,HOTEL_MN_158,Vistalago Hotel Khem Beach Phu Quoc,"Vistalago Hotel D275,D277,D279,D281, An Thoi, Phú Quốc",500 - 1 triệu / đêm,4.3/5.0,"""gần Bãi Khem"",",https://cf.bstatic.com/xdata/images/hotel/max1024x768/876332904.jpg?k=26a8d246e6dc21dc3d183621f9da32a84e592fe14da4745f16e85b9db0ba8e80&o=
Miền Nam,,,HOTEL_MN_159,Thị trấn Hoàng Hôn - Sunset Town,"Thị trấn Hoàng Hôn - Sunset Town Tòa H3 phân khu TheHill, An Thoi, Phú Quốc",1.3 - 2 triệu / đêm,4.4/5.0,"""phong cách Địa Trung Hải"", ""ngắm hoàng hôn"", ""Cầu Hôn"", ""khu phức hợp nghỉ dưỡng""",https://cf.bstatic.com/xdata/images/hotel/max1024x768/855120149.jpg?k=0db7f4b1f9969a26fae6747af50a770e49edf1e7a8db57433bcd3200e248063d&o=
Miền Nam,,,HOTEL_MN_160,Sunset town Phú Quốc,"Sunset Town H2 The Hill, An Thoi, Phú Quốc",500 - 1 triệu / đêm,4.4/5.0,"""phong cách Địa Trung Hải"", ""ngắm hoàng hôn"", ""Cầu Hôn"", ""khu phức hợp nghỉ dưỡng""",https://cf.bstatic.com/xdata/images/hotel/max1024x768/682313135.jpg?k=b42cba80ec33e68b888ab685ca8c30f22b8c7c814539f9812e0754d39240841b&o=
Miền Nam,DEST_MN_99,"Bãi Tắm Sao, Phú Quốc",HOTEL_MN_161,"Casa Del Mar Hotel & Apartment - Sunset Town, Phu Quoc","A104, Amalfi, Sunset town, An Thoi, An Thoi, Phú Quốc",500 - 1 triệu / đêm,4.3/5.0,"""trung tâm Sunset Town"", ""gần ga cáp treo Hòn Thơm"", ""spa"", ""không có hồ bơi""",https://cf.bstatic.com/xdata/images/hotel/max1024x768/817491833.jpg?k=bd726d8a7354eef110144b2bc4f528590593d7ca6c9a23ffe7db9b92a06d5184&o=
Miền Nam,,,HOTEL_MN_162,"Casa Del Mar Hotel & Apartment - Sunset Town, Phu Quoc","A104, Amalfi, Sunset town, An Thoi, An Thoi, Phú Quốc",500 - 1 triệu / đêm,4.2/5.0,"""trung tâm Sunset Town"", ""gần ga cáp treo Hòn Thơm"", ""spa"", ""không có hồ bơi""",https://cf.bstatic.com/xdata/images/hotel/max1024x768/817491833.jpg?k=bd726d8a7354eef110144b2bc4f528590593d7ca6c9a23ffe7db9b92a06d5184&o=
Miền Nam,,,HOTEL_MN_163,Vistalago Hotel Khem Beach Phu Quoc,"Vistalago Hotel D275,D277,D279,D281, An Thoi, Phú Quốc",500 - 1 triệu / đêm,4.7/5.0,"""gần Bãi Khem"",",https://cf.bstatic.com/xdata/images/hotel/max1024x768/876332904.jpg?k=26a8d246e6dc21dc3d183621f9da32a84e592fe14da4745f16e85b9db0ba8e80&o=
Miền Nam,DEST_MN_100,Bãi Dài,HOTEL_MN_164,Crystal Apartment Hillside Phu Quoc - Sunset Town & Firework & Free Airport Pickup,"Khu pho 6 An Thoi (TH1, Sungrand City, Hillside Residence), An Thoi, Phú Quốc",600 - 2 triệu / đêm,4.2/5.0,"""view pháo hoa mỗi tối"", ""đầy đủ bếp & máy giặt"", ""Netflix"", ""đánh giá 8.3/10""",https://cf.bstatic.com/xdata/images/hotel/max1024x768/903098983.jpg?k=b77fbc5f78f9ff06ec8f564fe03a7a5c2efc50cb2b3c533366297dbf05aa2099&o=
Miền Nam,,,HOTEL_MN_165,DNh Phu Quoc - Bãi Dài,"HH-35, 36 Grand World Phú Quốc, Bãi Dài, Gành Dầu, Ganh Dau, Phú Quốc",500 - 1 triệu / đêm,4.4/5.0,"""gần Bãi Dài & Grand World"", ""bếp chung"", ""trạm sạc xe điện"", ""đánh giá 9.4/10""",https://cf.bstatic.com/xdata/images/hotel/max1024x768/565562578.jpg?k=6b3a023c03af91d8c5a025aa24bdddaf2676f841b508d7bc5b4cef0f350734f3&o=